[debug] [2026-06-11T15:01:13.209Z] ----------------------------------------------------------------------
[debug] [2026-06-11T15:01:13.215Z] Command:       /Users/diego/.nvm/versions/node/v22.22.3/bin/node /Users/diego/.nvm/versions/node/v22.22.3/bin/firebase deploy --only functions
[debug] [2026-06-11T15:01:13.215Z] CLI Version:   15.20.0
[debug] [2026-06-11T15:01:13.215Z] Platform:      darwin
[debug] [2026-06-11T15:01:13.216Z] Node Version:  v22.22.3
[debug] [2026-06-11T15:01:13.216Z] Time:          Thu Jun 11 2026 11:01:13 GMT-0400 (Eastern Daylight Time)
[debug] [2026-06-11T15:01:13.216Z] ----------------------------------------------------------------------
[debug] 
[debug] [2026-06-11T15:01:14.065Z] > command requires scopes: ["email","openid","https://www.googleapis.com/auth/cloudplatformprojects.readonly","https://www.googleapis.com/auth/firebase","https://www.googleapis.com/auth/cloud-platform"]
[debug] [2026-06-11T15:01:14.065Z] > authorizing via signed-in user (maquill.drive81@gmail.com)
[debug] [2026-06-11T15:01:14.065Z] [iam] checking project diegomaquillportfolio for permissions ["cloudfunctions.functions.create","cloudfunctions.functions.delete","cloudfunctions.functions.get","cloudfunctions.functions.list","cloudfunctions.functions.update","cloudfunctions.operations.get","firebase.projects.get"]
[debug] [2026-06-11T15:01:14.066Z] Checked if tokens are valid: true, expires at: 1781192335716
[debug] [2026-06-11T15:01:14.066Z] Checked if tokens are valid: true, expires at: 1781192335716
[debug] [2026-06-11T15:01:14.066Z] >>> [apiv2][query] POST https://cloudresourcemanager.googleapis.com/v1/projects/diegomaquillportfolio:testIamPermissions [none]
[debug] [2026-06-11T15:01:14.066Z] >>> [apiv2][(partial)header] POST https://cloudresourcemanager.googleapis.com/v1/projects/diegomaquillportfolio:testIamPermissions  x-goog-user-project=diegomaquillportfolio
[debug] [2026-06-11T15:01:14.066Z] >>> [apiv2][body] POST https://cloudresourcemanager.googleapis.com/v1/projects/diegomaquillportfolio:testIamPermissions {"permissions":["cloudfunctions.functions.create","cloudfunctions.functions.delete","cloudfunctions.functions.get","cloudfunctions.functions.list","cloudfunctions.functions.update","cloudfunctions.operations.get","firebase.projects.get"]}
[debug] [2026-06-11T15:01:14.464Z] <<< [apiv2][status] POST https://cloudresourcemanager.googleapis.com/v1/projects/diegomaquillportfolio:testIamPermissions 200
[debug] [2026-06-11T15:01:14.464Z] <<< [apiv2][body] POST https://cloudresourcemanager.googleapis.com/v1/projects/diegomaquillportfolio:testIamPermissions {"permissions":["cloudfunctions.functions.create","cloudfunctions.functions.delete","cloudfunctions.functions.get","cloudfunctions.functions.list","cloudfunctions.functions.update","cloudfunctions.operations.get","firebase.projects.get"]}
[debug] [2026-06-11T15:01:14.464Z] Checked if tokens are valid: true, expires at: 1781192335716
[debug] [2026-06-11T15:01:14.464Z] Checked if tokens are valid: true, expires at: 1781192335716
[debug] [2026-06-11T15:01:14.464Z] >>> [apiv2][query] POST https://iam.googleapis.com/v1/projects/diegomaquillportfolio/serviceAccounts/diegomaquillportfolio@appspot.gserviceaccount.com:testIamPermissions [none]
[debug] [2026-06-11T15:01:14.465Z] >>> [apiv2][body] POST https://iam.googleapis.com/v1/projects/diegomaquillportfolio/serviceAccounts/diegomaquillportfolio@appspot.gserviceaccount.com:testIamPermissions {"permissions":["iam.serviceAccounts.actAs"]}
[debug] [2026-06-11T15:01:14.664Z] <<< [apiv2][status] POST https://iam.googleapis.com/v1/projects/diegomaquillportfolio/serviceAccounts/diegomaquillportfolio@appspot.gserviceaccount.com:testIamPermissions 200
[debug] [2026-06-11T15:01:14.664Z] <<< [apiv2][body] POST https://iam.googleapis.com/v1/projects/diegomaquillportfolio/serviceAccounts/diegomaquillportfolio@appspot.gserviceaccount.com:testIamPermissions {"permissions":["iam.serviceAccounts.actAs"]}
[info] 
[info] === Deploying to 'diegomaquillportfolio'...
[info] 
[info] i  deploying functions 
[info] ✔  functions: Finished running predeploy script. 
[debug] [2026-06-11T15:01:14.670Z] Checked if tokens are valid: true, expires at: 1781192335716
[debug] [2026-06-11T15:01:14.670Z] Checked if tokens are valid: true, expires at: 1781192335716
[debug] [2026-06-11T15:01:14.670Z] >>> [apiv2][query] GET https://cloudresourcemanager.googleapis.com/v1/projects/diegomaquillportfolio [none]
[debug] [2026-06-11T15:01:14.818Z] <<< [apiv2][status] GET https://cloudresourcemanager.googleapis.com/v1/projects/diegomaquillportfolio 200
[debug] [2026-06-11T15:01:14.819Z] <<< [apiv2][body] GET https://cloudresourcemanager.googleapis.com/v1/projects/diegomaquillportfolio {"projectNumber":"485923941686","projectId":"diegomaquillportfolio","lifecycleState":"ACTIVE","name":"diegomaquillportfolio","labels":{"firebase":"enabled","firebase-core":"disabled"},"createTime":"2025-04-01T01:04:56.312005Z"}
[info] i  functions: preparing codebase default for deployment 
[info] i  functions: ensuring required API cloudfunctions.googleapis.com is enabled... 
[info] i  functions: ensuring required API cloudbuild.googleapis.com is enabled... 
[info] i  artifactregistry: ensuring required API artifactregistry.googleapis.com is enabled... 
[debug] [2026-06-11T15:01:14.821Z] Checked if tokens are valid: true, expires at: 1781192335716
[debug] [2026-06-11T15:01:14.821Z] Checked if tokens are valid: true, expires at: 1781192335716
[debug] [2026-06-11T15:01:14.821Z] >>> [apiv2][query] GET https://firebase.googleapis.com/v1beta1/projects/diegomaquillportfolio/adminSdkConfig [none]
[debug] [2026-06-11T15:01:15.172Z] <<< [apiv2][status] GET https://firebase.googleapis.com/v1beta1/projects/diegomaquillportfolio/adminSdkConfig 200
[debug] [2026-06-11T15:01:15.172Z] <<< [apiv2][body] GET https://firebase.googleapis.com/v1beta1/projects/diegomaquillportfolio/adminSdkConfig {"projectId":"diegomaquillportfolio","storageBucket":"diegomaquillportfolio.firebasestorage.app"}
[debug] [2026-06-11T15:01:15.175Z] Validating nodejs source
[warn] ⚠  functions: package.json indicates an outdated version of firebase-functions. Please upgrade using npm install --save firebase-functions@latest in your functions directory. 
[warn] ⚠  functions: Please note that there will be breaking changes when you upgrade. 
[debug] [2026-06-11T15:01:16.115Z] > [functions] package.json contents: {
  "name": "functions",
  "description": "Cloud Functions for Firebase",
  "scripts": {
    "serve": "firebase emulators:start --only functions",
    "shell": "firebase functions:shell",
    "start": "npm run shell",
    "deploy": "firebase deploy --only functions",
    "logs": "firebase functions:log",
    "lint": "eslint"
  },
  "engines": {
    "node": "22"
  },
  "main": "index.js",
  "dependencies": {
    "cors": "^2.8.6",
    "firebase-admin": "^13.0.0",
    "firebase-functions": "^6.0.0",
    "nodemailer": "^8.0.10"
  },
  "devDependencies": {
    "firebase-functions-test": "^3.5.0"
  },
  "private": true
}
[debug] [2026-06-11T15:01:16.115Z] Building nodejs source
[info] i  functions: Loading and analyzing source code for codebase default to determine what to deploy 
[debug] [2026-06-11T15:01:16.116Z] Could not find functions.yaml. Must use http discovery
[debug] [2026-06-11T15:01:16.123Z] Found firebase-functions binary at '/Users/diego/AllDevStacks/NodeJS/diego-portfolio-multiple-root-layout-nextjs/functions/node_modules/.bin/firebase-functions'
[info] Serving at port 8230

[debug] [2026-06-11T15:01:17.025Z] Got response from /__/functions.yaml {"endpoints":{"submit":{"availableMemoryMb":null,"timeoutSeconds":null,"minInstances":null,"maxInstances":null,"ingressSettings":null,"concurrency":null,"serviceAccountEmail":null,"vpc":null,"platform":"gcfv2","labels":{},"httpsTrigger":{},"entryPoint":"submit"}},"specVersion":"v1alpha1","requiredAPIs":[],"extensions":{}}
[debug] [2026-06-11T15:01:21.054Z] Checked if tokens are valid: true, expires at: 1781192335716
[debug] [2026-06-11T15:01:21.055Z] Checked if tokens are valid: true, expires at: 1781192335716
[debug] [2026-06-11T15:01:21.055Z] >>> [apiv2][query] GET https://cloudfunctions.googleapis.com/v1/projects/diegomaquillportfolio/locations/-/functions [none]
[debug] [2026-06-11T15:01:21.989Z] <<< [apiv2][status] GET https://cloudfunctions.googleapis.com/v1/projects/diegomaquillportfolio/locations/-/functions 200
[debug] [2026-06-11T15:01:21.989Z] <<< [apiv2][body] GET https://cloudfunctions.googleapis.com/v1/projects/diegomaquillportfolio/locations/-/functions {}
[debug] [2026-06-11T15:01:21.989Z] Checked if tokens are valid: true, expires at: 1781192335716
[debug] [2026-06-11T15:01:21.989Z] Checked if tokens are valid: true, expires at: 1781192335716
[debug] [2026-06-11T15:01:21.990Z] >>> [apiv2][query] GET https://cloudfunctions.googleapis.com/v2/projects/diegomaquillportfolio/locations/-/functions filter=environment%3D%22GEN_2%22
[debug] [2026-06-11T15:01:22.435Z] <<< [apiv2][status] GET https://cloudfunctions.googleapis.com/v2/projects/diegomaquillportfolio/locations/-/functions 200
[debug] [2026-06-11T15:01:22.435Z] <<< [apiv2][body] GET https://cloudfunctions.googleapis.com/v2/projects/diegomaquillportfolio/locations/-/functions {"functions":[{"name":"projects/diegomaquillportfolio/locations/us-central1/functions/submit","buildConfig":{"build":"projects/485923941686/locations/us-central1/builds/b4effe31-e28a-47c1-bf6b-f6d04fe0bcb5","runtime":"nodejs24","entryPoint":"submit","source":{"storageSource":{"bucket":"gcf-v2-sources-485923941686-us-central1","object":"submit/function-source.zip","generation":"1781141456941646"}},"environmentVariables":{"GOOGLE_NODE_RUN_SCRIPTS":""},"dockerRepository":"projects/diegomaquillportfolio/locations/us-central1/repositories/gcf-artifacts","sourceProvenance":{"resolvedStorageSource":{"bucket":"gcf-v2-sources-485923941686-us-central1","object":"submit/function-source.zip","generation":"1781141456941646"}},"dockerRegistry":"ARTIFACT_REGISTRY","serviceAccount":"projects/diegomaquillportfolio/serviceAccounts/485923941686-compute@developer.gserviceaccount.com","automaticUpdatePolicy":{}},"state":"UNKNOWN","updateTime":"2026-06-11T14:40:13.277623741Z","labels":{"deployment-tool":"cli-firebase","firebase-functions-hash":"5a092bdc74da9205f563c69429c72ed5da63450a"},"stateMessages":[{"severity":"ERROR","type":"CloudRunServiceNotFound","message":"Cloud Run service projects/diegomaquillportfolio/locations/us-central1/services/submit for the function was not found. The function will not work correctly. Please redeploy."}],"environment":"GEN_2","url":"https://us-central1-diegomaquillportfolio.cloudfunctions.net/submit","createTime":"2026-06-11T01:30:59.161542168Z","satisfiesPzi":true}]}
[info] i  extensions: ensuring required API firebaseextensions.googleapis.com is enabled... 
[debug] [2026-06-11T15:01:22.439Z] > command requires scopes: ["email","openid","https://www.googleapis.com/auth/cloudplatformprojects.readonly","https://www.googleapis.com/auth/firebase","https://www.googleapis.com/auth/cloud-platform"]
[debug] [2026-06-11T15:01:22.439Z] > authorizing via signed-in user (maquill.drive81@gmail.com)
[debug] [2026-06-11T15:01:22.439Z] [iam] checking project diegomaquillportfolio for permissions ["firebase.projects.get","firebaseextensions.instances.list"]
[debug] [2026-06-11T15:01:22.439Z] Checked if tokens are valid: true, expires at: 1781192335716
[debug] [2026-06-11T15:01:22.439Z] Checked if tokens are valid: true, expires at: 1781192335716
[debug] [2026-06-11T15:01:22.440Z] >>> [apiv2][query] POST https://cloudresourcemanager.googleapis.com/v1/projects/diegomaquillportfolio:testIamPermissions [none]
[debug] [2026-06-11T15:01:22.440Z] >>> [apiv2][(partial)header] POST https://cloudresourcemanager.googleapis.com/v1/projects/diegomaquillportfolio:testIamPermissions  x-goog-user-project=diegomaquillportfolio
[debug] [2026-06-11T15:01:22.440Z] >>> [apiv2][body] POST https://cloudresourcemanager.googleapis.com/v1/projects/diegomaquillportfolio:testIamPermissions {"permissions":["firebase.projects.get","firebaseextensions.instances.list"]}
[debug] [2026-06-11T15:01:22.684Z] <<< [apiv2][status] POST https://cloudresourcemanager.googleapis.com/v1/projects/diegomaquillportfolio:testIamPermissions 200
[debug] [2026-06-11T15:01:22.684Z] <<< [apiv2][body] POST https://cloudresourcemanager.googleapis.com/v1/projects/diegomaquillportfolio:testIamPermissions {"permissions":["firebase.projects.get","firebaseextensions.instances.list"]}
[debug] [2026-06-11T15:01:22.685Z] Checked if tokens are valid: true, expires at: 1781192335716
[debug] [2026-06-11T15:01:22.685Z] Checked if tokens are valid: true, expires at: 1781192335716
[debug] [2026-06-11T15:01:22.685Z] >>> [apiv2][query] GET https://firebaseextensions.googleapis.com/v1beta/projects/diegomaquillportfolio/instances pageSize=100&pageToken=
[debug] [2026-06-11T15:01:23.084Z] <<< [apiv2][status] GET https://firebaseextensions.googleapis.com/v1beta/projects/diegomaquillportfolio/instances 200
[debug] [2026-06-11T15:01:23.084Z] <<< [apiv2][body] GET https://firebaseextensions.googleapis.com/v1beta/projects/diegomaquillportfolio/instances {}
[info] i  functions: preparing functions directory for uploading... 
[info] i  functions: packaged /Users/diego/AllDevStacks/NodeJS/diego-portfolio-multiple-root-layout-nextjs/functions (33.26 KB) for uploading 
[info] i  functions: ensuring required API run.googleapis.com is enabled... 
[info] i  functions: ensuring required API eventarc.googleapis.com is enabled... 
[info] i  functions: ensuring required API pubsub.googleapis.com is enabled... 
[info] i  functions: ensuring required API storage.googleapis.com is enabled... 
[info] i  functions: generating the service identity for pubsub.googleapis.com... 
[debug] [2026-06-11T15:01:23.121Z] Checked if tokens are valid: true, expires at: 1781192335716
[debug] [2026-06-11T15:01:23.121Z] Checked if tokens are valid: true, expires at: 1781192335716
[info] i  functions: generating the service identity for eventarc.googleapis.com... 
[debug] [2026-06-11T15:01:23.121Z] Checked if tokens are valid: true, expires at: 1781192335716
[debug] [2026-06-11T15:01:23.121Z] Checked if tokens are valid: true, expires at: 1781192335716
[debug] [2026-06-11T15:01:23.122Z] >>> [apiv2][query] POST https://serviceusage.googleapis.com/v1beta1/projects/485923941686/services/pubsub.googleapis.com:generateServiceIdentity [none]
[debug] [2026-06-11T15:01:23.122Z] >>> [apiv2][(partial)header] POST https://serviceusage.googleapis.com/v1beta1/projects/485923941686/services/pubsub.googleapis.com:generateServiceIdentity  x-goog-user-project=485923941686
[debug] [2026-06-11T15:01:23.122Z] >>> [apiv2][body] POST https://serviceusage.googleapis.com/v1beta1/projects/485923941686/services/pubsub.googleapis.com:generateServiceIdentity {}
[debug] [2026-06-11T15:01:23.122Z] >>> [apiv2][query] POST https://serviceusage.googleapis.com/v1beta1/projects/485923941686/services/eventarc.googleapis.com:generateServiceIdentity [none]
[debug] [2026-06-11T15:01:23.122Z] >>> [apiv2][(partial)header] POST https://serviceusage.googleapis.com/v1beta1/projects/485923941686/services/eventarc.googleapis.com:generateServiceIdentity  x-goog-user-project=485923941686
[debug] [2026-06-11T15:01:23.122Z] >>> [apiv2][body] POST https://serviceusage.googleapis.com/v1beta1/projects/485923941686/services/eventarc.googleapis.com:generateServiceIdentity {}
[debug] [2026-06-11T15:01:23.570Z] <<< [apiv2][status] POST https://serviceusage.googleapis.com/v1beta1/projects/485923941686/services/eventarc.googleapis.com:generateServiceIdentity 200
[debug] [2026-06-11T15:01:23.571Z] <<< [apiv2][body] POST https://serviceusage.googleapis.com/v1beta1/projects/485923941686/services/eventarc.googleapis.com:generateServiceIdentity {"name":"operations/finished.DONE_OPERATION","done":true,"response":{"@type":"type.googleapis.com/google.api.serviceusage.v1beta1.ServiceIdentity","email":"service-485923941686@gcp-sa-eventarc.iam.gserviceaccount.com","uniqueId":"113799572099820686364"}}
[debug] [2026-06-11T15:01:23.729Z] <<< [apiv2][status] POST https://serviceusage.googleapis.com/v1beta1/projects/485923941686/services/pubsub.googleapis.com:generateServiceIdentity 200
[debug] [2026-06-11T15:01:23.730Z] <<< [apiv2][body] POST https://serviceusage.googleapis.com/v1beta1/projects/485923941686/services/pubsub.googleapis.com:generateServiceIdentity {"name":"operations/finished.DONE_OPERATION","done":true,"response":{"@type":"type.googleapis.com/google.api.serviceusage.v1beta1.ServiceIdentity","email":"service-485923941686@gcp-sa-pubsub.iam.gserviceaccount.com","uniqueId":"103968552843998001205"}}
[debug] [2026-06-11T15:01:23.733Z] Checked if tokens are valid: true, expires at: 1781192335716
[debug] [2026-06-11T15:01:23.733Z] Checked if tokens are valid: true, expires at: 1781192335716
[debug] [2026-06-11T15:01:23.733Z] >>> [apiv2][query] GET https://cloudresourcemanager.googleapis.com/v1/projects/diegomaquillportfolio [none]
[debug] [2026-06-11T15:01:23.853Z] <<< [apiv2][status] GET https://cloudresourcemanager.googleapis.com/v1/projects/diegomaquillportfolio 200
[debug] [2026-06-11T15:01:23.853Z] <<< [apiv2][body] GET https://cloudresourcemanager.googleapis.com/v1/projects/diegomaquillportfolio {"projectNumber":"485923941686","projectId":"diegomaquillportfolio","lifecycleState":"ACTIVE","name":"diegomaquillportfolio","labels":{"firebase":"enabled","firebase-core":"disabled"},"createTime":"2025-04-01T01:04:56.312005Z"}
[debug] [2026-06-11T15:01:23.854Z] Checked if tokens are valid: true, expires at: 1781192335716
[debug] [2026-06-11T15:01:23.854Z] Checked if tokens are valid: true, expires at: 1781192335716
[debug] [2026-06-11T15:01:23.854Z] >>> [apiv2][query] GET https://compute.googleapis.com/compute/v1/projects/485923941686 [none]
[debug] [2026-06-11T15:01:24.082Z] <<< [apiv2][status] GET https://compute.googleapis.com/compute/v1/projects/485923941686 403
[debug] [2026-06-11T15:01:24.082Z] <<< [apiv2][body] GET https://compute.googleapis.com/compute/v1/projects/485923941686 {"error":{"code":403,"message":"Compute Engine API has not been used in project 485923941686 before or it is disabled. Enable it by visiting https://console.developers.google.com/apis/api/compute.googleapis.com/overview?project=485923941686 then retry. If you enabled this API recently, wait a few minutes for the action to propagate to our systems and retry.","errors":[{"message":"Compute Engine API has not been used in project 485923941686 before or it is disabled. Enable it by visiting https://console.developers.google.com/apis/api/compute.googleapis.com/overview?project=485923941686 then retry. If you enabled this API recently, wait a few minutes for the action to propagate to our systems and retry.","domain":"usageLimits","reason":"accessNotConfigured","extendedHelp":"https://console.developers.google.com"}],"status":"PERMISSION_DENIED","details":[{"@type":"type.googleapis.com/google.rpc.ErrorInfo","reason":"SERVICE_DISABLED","domain":"googleapis.com","metadata":{"activationUrl":"https://console.developers.google.com/apis/api/compute.googleapis.com/overview?project=485923941686","service":"compute.googleapis.com","serviceTitle":"Compute Engine API","consumer":"projects/485923941686","containerInfo":"485923941686"}},{"@type":"type.googleapis.com/google.rpc.LocalizedMessage","locale":"en-US","message":"Compute Engine API has not been used in project 485923941686 before or it is disabled. Enable it by visiting https://console.developers.google.com/apis/api/compute.googleapis.com/overview?project=485923941686 then retry. If you enabled this API recently, wait a few minutes for the action to propagate to our systems and retry."},{"@type":"type.googleapis.com/google.rpc.Help","links":[{"description":"Google developers console API activation","url":"https://console.developers.google.com/apis/api/compute.googleapis.com/overview?project=485923941686"}]}]}}
[debug] [2026-06-11T15:01:24.083Z] unable to look up default compute service account. Falling back to 485923941686-compute@developer.gserviceaccount.com. Error: {"name":"FirebaseError","children":[],"context":{"body":{"error":{"code":403,"message":"Compute Engine API has not been used in project 485923941686 before or it is disabled. Enable it by visiting https://console.developers.google.com/apis/api/compute.googleapis.com/overview?project=485923941686 then retry. If you enabled this API recently, wait a few minutes for the action to propagate to our systems and retry.","errors":[{"message":"Compute Engine API has not been used in project 485923941686 before or it is disabled. Enable it by visiting https://console.developers.google.com/apis/api/compute.googleapis.com/overview?project=485923941686 then retry. If you enabled this API recently, wait a few minutes for the action to propagate to our systems and retry.","domain":"usageLimits","reason":"accessNotConfigured","extendedHelp":"https://console.developers.google.com"}],"status":"PERMISSION_DENIED","details":[{"@type":"type.googleapis.com/google.rpc.ErrorInfo","reason":"SERVICE_DISABLED","domain":"googleapis.com","metadata":{"activationUrl":"https://console.developers.google.com/apis/api/compute.googleapis.com/overview?project=485923941686","service":"compute.googleapis.com","serviceTitle":"Compute Engine API","consumer":"projects/485923941686","containerInfo":"485923941686"}},{"@type":"type.googleapis.com/google.rpc.LocalizedMessage","locale":"en-US","message":"Compute Engine API has not been used in project 485923941686 before or it is disabled. Enable it by visiting https://console.developers.google.com/apis/api/compute.googleapis.com/overview?project=485923941686 then retry. If you enabled this API recently, wait a few minutes for the action to propagate to our systems and retry."},{"@type":"type.googleapis.com/google.rpc.Help","links":[{"description":"Google developers console API activation","url":"https://console.developers.google.com/apis/api/compute.googleapis.com/overview?project=485923941686"}]}]}},"response":{"statusCode":403}},"exit":1,"message":"Request to https://compute.googleapis.com/compute/v1/projects/485923941686 had HTTP Error: 403, Compute Engine API has not been used in project 485923941686 before or it is disabled. Enable it by visiting https://console.developers.google.com/apis/api/compute.googleapis.com/overview?project=485923941686 then retry. If you enabled this API recently, wait a few minutes for the action to propagate to our systems and retry.","status":403}
[debug] [2026-06-11T15:01:24.084Z] Checked if tokens are valid: true, expires at: 1781192335716
[debug] [2026-06-11T15:01:24.084Z] Checked if tokens are valid: true, expires at: 1781192335716
[debug] [2026-06-11T15:01:24.084Z] >>> [apiv2][query] GET https://compute.googleapis.com/compute/v1/projects/485923941686 [none]
[debug] [2026-06-11T15:01:24.254Z] <<< [apiv2][status] GET https://compute.googleapis.com/compute/v1/projects/485923941686 403
[debug] [2026-06-11T15:01:24.255Z] <<< [apiv2][body] GET https://compute.googleapis.com/compute/v1/projects/485923941686 {"error":{"code":403,"message":"Compute Engine API has not been used in project 485923941686 before or it is disabled. Enable it by visiting https://console.developers.google.com/apis/api/compute.googleapis.com/overview?project=485923941686 then retry. If you enabled this API recently, wait a few minutes for the action to propagate to our systems and retry.","errors":[{"message":"Compute Engine API has not been used in project 485923941686 before or it is disabled. Enable it by visiting https://console.developers.google.com/apis/api/compute.googleapis.com/overview?project=485923941686 then retry. If you enabled this API recently, wait a few minutes for the action to propagate to our systems and retry.","domain":"usageLimits","reason":"accessNotConfigured","extendedHelp":"https://console.developers.google.com"}],"status":"PERMISSION_DENIED","details":[{"@type":"type.googleapis.com/google.rpc.ErrorInfo","reason":"SERVICE_DISABLED","domain":"googleapis.com","metadata":{"consumer":"projects/485923941686","activationUrl":"https://console.developers.google.com/apis/api/compute.googleapis.com/overview?project=485923941686","service":"compute.googleapis.com","serviceTitle":"Compute Engine API","containerInfo":"485923941686"}},{"@type":"type.googleapis.com/google.rpc.LocalizedMessage","locale":"en-US","message":"Compute Engine API has not been used in project 485923941686 before or it is disabled. Enable it by visiting https://console.developers.google.com/apis/api/compute.googleapis.com/overview?project=485923941686 then retry. If you enabled this API recently, wait a few minutes for the action to propagate to our systems and retry."},{"@type":"type.googleapis.com/google.rpc.Help","links":[{"description":"Google developers console API activation","url":"https://console.developers.google.com/apis/api/compute.googleapis.com/overview?project=485923941686"}]}]}}
[debug] [2026-06-11T15:01:24.255Z] unable to look up default compute service account. Falling back to 485923941686-compute@developer.gserviceaccount.com. Error: {"name":"FirebaseError","children":[],"context":{"body":{"error":{"code":403,"message":"Compute Engine API has not been used in project 485923941686 before or it is disabled. Enable it by visiting https://console.developers.google.com/apis/api/compute.googleapis.com/overview?project=485923941686 then retry. If you enabled this API recently, wait a few minutes for the action to propagate to our systems and retry.","errors":[{"message":"Compute Engine API has not been used in project 485923941686 before or it is disabled. Enable it by visiting https://console.developers.google.com/apis/api/compute.googleapis.com/overview?project=485923941686 then retry. If you enabled this API recently, wait a few minutes for the action to propagate to our systems and retry.","domain":"usageLimits","reason":"accessNotConfigured","extendedHelp":"https://console.developers.google.com"}],"status":"PERMISSION_DENIED","details":[{"@type":"type.googleapis.com/google.rpc.ErrorInfo","reason":"SERVICE_DISABLED","domain":"googleapis.com","metadata":{"consumer":"projects/485923941686","activationUrl":"https://console.developers.google.com/apis/api/compute.googleapis.com/overview?project=485923941686","service":"compute.googleapis.com","serviceTitle":"Compute Engine API","containerInfo":"485923941686"}},{"@type":"type.googleapis.com/google.rpc.LocalizedMessage","locale":"en-US","message":"Compute Engine API has not been used in project 485923941686 before or it is disabled. Enable it by visiting https://console.developers.google.com/apis/api/compute.googleapis.com/overview?project=485923941686 then retry. If you enabled this API recently, wait a few minutes for the action to propagate to our systems and retry."},{"@type":"type.googleapis.com/google.rpc.Help","links":[{"description":"Google developers console API activation","url":"https://console.developers.google.com/apis/api/compute.googleapis.com/overview?project=485923941686"}]}]}},"response":{"statusCode":403}},"exit":1,"message":"Request to https://compute.googleapis.com/compute/v1/projects/485923941686 had HTTP Error: 403, Compute Engine API has not been used in project 485923941686 before or it is disabled. Enable it by visiting https://console.developers.google.com/apis/api/compute.googleapis.com/overview?project=485923941686 then retry. If you enabled this API recently, wait a few minutes for the action to propagate to our systems and retry.","status":403}
[debug] [2026-06-11T15:01:24.257Z] Checked if tokens are valid: true, expires at: 1781192335716
[debug] [2026-06-11T15:01:24.257Z] Checked if tokens are valid: true, expires at: 1781192335716
[debug] [2026-06-11T15:01:24.257Z] >>> [apiv2][query] GET https://cloudbilling.googleapis.com/v1/projects/diegomaquillportfolio/billingInfo [none]
[debug] [2026-06-11T15:01:24.545Z] <<< [apiv2][status] GET https://cloudbilling.googleapis.com/v1/projects/diegomaquillportfolio/billingInfo 200
[debug] [2026-06-11T15:01:24.546Z] <<< [apiv2][body] GET https://cloudbilling.googleapis.com/v1/projects/diegomaquillportfolio/billingInfo {"name":"projects/diegomaquillportfolio/billingInfo","projectId":"diegomaquillportfolio","billingAccountName":"billingAccounts/01EB76-DC5E7A-DC7666","billingEnabled":true}
[debug] [2026-06-11T15:01:24.548Z] Checked if tokens are valid: true, expires at: 1781192335716
[debug] [2026-06-11T15:01:24.548Z] Checked if tokens are valid: true, expires at: 1781192335716
[debug] [2026-06-11T15:01:24.548Z] >>> [apiv2][query] POST https://cloudfunctions.googleapis.com/v2/projects/diegomaquillportfolio/locations/us-central1/functions:generateUploadUrl [none]
[debug] [2026-06-11T15:01:24.897Z] <<< [apiv2][status] POST https://cloudfunctions.googleapis.com/v2/projects/diegomaquillportfolio/locations/us-central1/functions:generateUploadUrl 200
[debug] [2026-06-11T15:01:24.898Z] <<< [apiv2][body] POST https://cloudfunctions.googleapis.com/v2/projects/diegomaquillportfolio/locations/us-central1/functions:generateUploadUrl {"uploadUrl":"https://storage.googleapis.com/gcf-v2-uploads-485923941686.us-central1.cloudfunctions.appspot.com/f163eabf-f196-430c-bd53-233c41e4ef1f.zip?GoogleAccessId=service-485923941686@gcf-admin-robot.iam.gserviceaccount.com&Expires=1781191884&Signature=Ny7YxcFaXxYKRQ%2BrJcwXNM0ImUzc%2FpsRsyHWWrXZosKNnt4qfTnWHKJPfDqTK265gc21kXnpsZQAtd3%2FUnhcavxW%2F0oyPql2tXEAOV%2BFNfrRMUWsZMO3FniJKZ%2FUfp7bEugaiReTObnhSWWYg3bhqZa%2FEMZ5LS6EFwISqcBzj93ww2FgLFCZBrYfHOc9tvQWHBZiO7xpyqWeQ%2BbloXsfoXglQJJvs0ZWkDQHzNJkNh%2FMHJsd1h3bvlGCXaYiFNp%2Fe%2FXpuL4BaI154TVdaU1G9o%2B98eX2AFIMNK02NSdPhS4Au3ymb1Ge1JOovL7eL2%2B%2FguzDg9%2B38HNlOtSNub90Xg%3D%3D","storageSource":{"bucket":"gcf-v2-uploads-485923941686.us-central1.cloudfunctions.appspot.com","object":"f163eabf-f196-430c-bd53-233c41e4ef1f.zip"}}
[debug] [2026-06-11T15:01:24.899Z] >>> [apiv2][query] PUT https://storage.googleapis.com/gcf-v2-uploads-485923941686.us-central1.cloudfunctions.appspot.com/f163eabf-f196-430c-bd53-233c41e4ef1f.zip GoogleAccessId=service-485923941686%40gcf-admin-robot.iam.gserviceaccount.com&Expires=1781191884&Signature=Ny7YxcFaXxYKRQ%2BrJcwXNM0ImUzc%2FpsRsyHWWrXZosKNnt4qfTnWHKJPfDqTK265gc21kXnpsZQAtd3%2FUnhcavxW%2F0oyPql2tXEAOV%2BFNfrRMUWsZMO3FniJKZ%2FUfp7bEugaiReTObnhSWWYg3bhqZa%2FEMZ5LS6EFwISqcBzj93ww2FgLFCZBrYfHOc9tvQWHBZiO7xpyqWeQ%2BbloXsfoXglQJJvs0ZWkDQHzNJkNh%2FMHJsd1h3bvlGCXaYiFNp%2Fe%2FXpuL4BaI154TVdaU1G9o%2B98eX2AFIMNK02NSdPhS4Au3ymb1Ge1JOovL7eL2%2B%2FguzDg9%2B38HNlOtSNub90Xg%3D%3D
[debug] [2026-06-11T15:01:24.899Z] >>> [apiv2][body] PUT https://storage.googleapis.com/gcf-v2-uploads-485923941686.us-central1.cloudfunctions.appspot.com/f163eabf-f196-430c-bd53-233c41e4ef1f.zip [stream]
[debug] [2026-06-11T15:01:25.302Z] <<< [apiv2][status] PUT https://storage.googleapis.com/gcf-v2-uploads-485923941686.us-central1.cloudfunctions.appspot.com/f163eabf-f196-430c-bd53-233c41e4ef1f.zip 200
[debug] [2026-06-11T15:01:25.302Z] <<< [apiv2][body] PUT https://storage.googleapis.com/gcf-v2-uploads-485923941686.us-central1.cloudfunctions.appspot.com/f163eabf-f196-430c-bd53-233c41e4ef1f.zip [omitted]
[info] ✔  functions: functions source uploaded successfully 
[info] i  functions: updating Node.js 22 (2nd Gen) function submit(us-central1)... 
[debug] [2026-06-11T15:01:25.308Z] Checked if tokens are valid: true, expires at: 1781192335716
[debug] [2026-06-11T15:01:25.308Z] Checked if tokens are valid: true, expires at: 1781192335716
[debug] [2026-06-11T15:01:25.309Z] >>> [apiv2][query] PATCH https://cloudfunctions.googleapis.com/v2/projects/diegomaquillportfolio/locations/us-central1/functions/submit updateMask=name%2CbuildConfig.runtime%2CbuildConfig.entryPoint%2CbuildConfig.source.storageSource.bucket%2CbuildConfig.source.storageSource.object%2CbuildConfig.environmentVariables%2CbuildConfig.sourceToken%2CserviceConfig.environmentVariables%2CserviceConfig.ingressSettings%2CserviceConfig.timeoutSeconds%2CserviceConfig.serviceAccountEmail%2CserviceConfig.availableMemory%2CserviceConfig.minInstanceCount%2CserviceConfig.maxInstanceCount%2CserviceConfig.maxInstanceRequestConcurrency%2CserviceConfig.availableCpu%2CserviceConfig.vpcConnector%2CserviceConfig.vpcConnectorEgressSettings%2CserviceConfig.directVpcNetworkInterface%2CserviceConfig.directVpcEgress%2Clabels
[debug] [2026-06-11T15:01:25.309Z] >>> [apiv2][body] PATCH https://cloudfunctions.googleapis.com/v2/projects/diegomaquillportfolio/locations/us-central1/functions/submit {"name":"projects/diegomaquillportfolio/locations/us-central1/functions/submit","buildConfig":{"runtime":"nodejs22","entryPoint":"submit","source":{"storageSource":{"bucket":"gcf-v2-uploads-485923941686.us-central1.cloudfunctions.appspot.com","object":"f163eabf-f196-430c-bd53-233c41e4ef1f.zip"}},"environmentVariables":{"GOOGLE_NODE_RUN_SCRIPTS":""}},"serviceConfig":{"environmentVariables":{"FIREBASE_CONFIG":"{\"projectId\":\"diegomaquillportfolio\",\"storageBucket\":\"diegomaquillportfolio.firebasestorage.app\"}","GCLOUD_PROJECT":"diegomaquillportfolio","EVENTARC_CLOUD_EVENT_SOURCE":"projects/diegomaquillportfolio/locations/us-central1/services/submit","FUNCTION_TARGET":"submit","LOG_EXECUTION_ID":"true"},"ingressSettings":null,"timeoutSeconds":null,"serviceAccountEmail":null,"availableMemory":"256Mi","minInstanceCount":null,"maxInstanceCount":null,"maxInstanceRequestConcurrency":80,"availableCpu":"1","vpcConnector":null,"vpcConnectorEgressSettings":null,"directVpcNetworkInterface":null,"directVpcEgress":null},"labels":{"deployment-tool":"cli-firebase","firebase-functions-hash":"5a092bdc74da9205f563c69429c72ed5da63450a"}}
[debug] [2026-06-11T15:01:26.375Z] <<< [apiv2][status] PATCH https://cloudfunctions.googleapis.com/v2/projects/diegomaquillportfolio/locations/us-central1/functions/submit 200
[debug] [2026-06-11T15:01:26.375Z] <<< [apiv2][body] PATCH https://cloudfunctions.googleapis.com/v2/projects/diegomaquillportfolio/locations/us-central1/functions/submit {"name":"projects/diegomaquillportfolio/locations/us-central1/operations/operation-1781190085447-653fba2520f1e-4c0e8115-54b7e4d7","metadata":{"@type":"type.googleapis.com/google.cloud.functions.v2.OperationMetadata","createTime":"2026-06-11T15:01:26.341618605Z","target":"projects/diegomaquillportfolio/locations/us-central1/functions/submit","verb":"update","cancelRequested":false,"apiVersion":"v2"},"done":false}
[debug] [2026-06-11T15:01:26.377Z] Checked if tokens are valid: true, expires at: 1781192335716
[debug] [2026-06-11T15:01:26.377Z] Checked if tokens are valid: true, expires at: 1781192335716
[debug] [2026-06-11T15:01:26.377Z] >>> [apiv2][query] GET https://cloudfunctions.googleapis.com/v2/projects/diegomaquillportfolio/locations/us-central1/operations/operation-1781190085447-653fba2520f1e-4c0e8115-54b7e4d7 [none]
[debug] [2026-06-11T15:01:26.514Z] <<< [apiv2][status] GET https://cloudfunctions.googleapis.com/v2/projects/diegomaquillportfolio/locations/us-central1/operations/operation-1781190085447-653fba2520f1e-4c0e8115-54b7e4d7 200
[debug] [2026-06-11T15:01:26.514Z] <<< [apiv2][body] GET https://cloudfunctions.googleapis.com/v2/projects/diegomaquillportfolio/locations/us-central1/operations/operation-1781190085447-653fba2520f1e-4c0e8115-54b7e4d7 {"name":"projects/diegomaquillportfolio/locations/us-central1/operations/operation-1781190085447-653fba2520f1e-4c0e8115-54b7e4d7","metadata":{"@type":"type.googleapis.com/google.cloud.functions.v2.OperationMetadata","createTime":"2026-06-11T15:01:26.341618605Z","target":"projects/diegomaquillportfolio/locations/us-central1/functions/submit","verb":"update","cancelRequested":false,"apiVersion":"v2"},"done":false}
[debug] [2026-06-11T15:01:27.017Z] [update-default-us-central1-submit] Retrying task index 0
[debug] [2026-06-11T15:01:27.017Z] Checked if tokens are valid: true, expires at: 1781192335716
[debug] [2026-06-11T15:01:27.018Z] Checked if tokens are valid: true, expires at: 1781192335716
[debug] [2026-06-11T15:01:27.018Z] >>> [apiv2][query] GET https://cloudfunctions.googleapis.com/v2/projects/diegomaquillportfolio/locations/us-central1/operations/operation-1781190085447-653fba2520f1e-4c0e8115-54b7e4d7 [none]
[debug] [2026-06-11T15:01:27.282Z] <<< [apiv2][status] GET https://cloudfunctions.googleapis.com/v2/projects/diegomaquillportfolio/locations/us-central1/operations/operation-1781190085447-653fba2520f1e-4c0e8115-54b7e4d7 200
[debug] [2026-06-11T15:01:27.282Z] <<< [apiv2][body] GET https://cloudfunctions.googleapis.com/v2/projects/diegomaquillportfolio/locations/us-central1/operations/operation-1781190085447-653fba2520f1e-4c0e8115-54b7e4d7 {"name":"projects/diegomaquillportfolio/locations/us-central1/operations/operation-1781190085447-653fba2520f1e-4c0e8115-54b7e4d7","metadata":{"@type":"type.googleapis.com/google.cloud.functions.v2.OperationMetadata","createTime":"2026-06-11T15:01:26.341618605Z","target":"projects/diegomaquillportfolio/locations/us-central1/functions/submit","verb":"update","cancelRequested":false,"apiVersion":"v2","requestResource":{"@type":"type.googleapis.com/google.cloud.functions.v2.Function","name":"projects/diegomaquillportfolio/locations/us-central1/functions/submit","buildConfig":{"runtime":"nodejs22","entryPoint":"submit","source":{"storageSource":{"bucket":"gcf-v2-sources-485923941686-us-central1","object":"submit/function-source.zip","generation":"1781190086286482"}},"environmentVariables":{"GOOGLE_NODE_RUN_SCRIPTS":""},"dockerRepository":"projects/diegomaquillportfolio/locations/us-central1/repositories/gcf-artifacts","sourceProvenance":{"resolvedStorageSource":{"bucket":"gcf-v2-sources-485923941686-us-central1","object":"submit/function-source.zip","generation":"1781141456941646"}},"dockerRegistry":"ARTIFACT_REGISTRY","serviceAccount":"projects/diegomaquillportfolio/serviceAccounts/485923941686-compute@developer.gserviceaccount.com","automaticUpdatePolicy":{}},"serviceConfig":{"service":"projects/diegomaquillportfolio/locations/us-central1/services/submit","timeoutSeconds":60,"environmentVariables":{"FIREBASE_CONFIG":"{\"projectId\":\"diegomaquillportfolio\",\"storageBucket\":\"diegomaquillportfolio.firebasestorage.app\"}","GCLOUD_PROJECT":"diegomaquillportfolio","EVENTARC_CLOUD_EVENT_SOURCE":"projects/diegomaquillportfolio/locations/us-central1/services/submit","FUNCTION_TARGET":"submit","LOG_EXECUTION_ID":"true"},"ingressSettings":"ALLOW_ALL","serviceAccountEmail":"485923941686-compute@developer.gserviceaccount.com","availableMemory":"256Mi","maxInstanceRequestConcurrency":80,"availableCpu":"1"},"state":"UNKNOWN","labels":{"firebase-functions-hash":"5a092bdc74da9205f563c69429c72ed5da63450a"},"stateMessages":[{"severity":"ERROR","type":"CloudRunServiceNotFound","message":"Cloud Run service projects/diegomaquillportfolio/locations/us-central1/services/submit for the function was not found. The function will not work correctly. Please redeploy."}],"environment":"GEN_2","url":"https://us-central1-diegomaquillportfolio.cloudfunctions.net/submit","satisfiesPzi":true},"stages":[{"name":"BUILD","message":"Creating build","state":"IN_PROGRESS","resource":"projects/485923941686/locations/us-central1/builds/e0de2b07-5a2f-4e34-8fab-3ea067e329b8","resourceUri":"https://console.cloud.google.com/cloud-build/builds;region=us-central1/e0de2b07-5a2f-4e34-8fab-3ea067e329b8?project=485923941686"},{"name":"SERVICE","state":"NOT_STARTED"}],"operationType":"UPDATE_FUNCTION","buildName":"projects/485923941686/locations/us-central1/builds/e0de2b07-5a2f-4e34-8fab-3ea067e329b8"},"done":false}
[debug] [2026-06-11T15:01:28.284Z] [update-default-us-central1-submit] Retrying task index 0
[debug] [2026-06-11T15:01:28.284Z] Checked if tokens are valid: true, expires at: 1781192335716
[debug] [2026-06-11T15:01:28.284Z] Checked if tokens are valid: true, expires at: 1781192335716
[debug] [2026-06-11T15:01:28.285Z] >>> [apiv2][query] GET https://cloudfunctions.googleapis.com/v2/projects/diegomaquillportfolio/locations/us-central1/operations/operation-1781190085447-653fba2520f1e-4c0e8115-54b7e4d7 [none]
[debug] [2026-06-11T15:01:28.532Z] <<< [apiv2][status] GET https://cloudfunctions.googleapis.com/v2/projects/diegomaquillportfolio/locations/us-central1/operations/operation-1781190085447-653fba2520f1e-4c0e8115-54b7e4d7 200
[debug] [2026-06-11T15:01:28.532Z] <<< [apiv2][body] GET https://cloudfunctions.googleapis.com/v2/projects/diegomaquillportfolio/locations/us-central1/operations/operation-1781190085447-653fba2520f1e-4c0e8115-54b7e4d7 {"name":"projects/diegomaquillportfolio/locations/us-central1/operations/operation-1781190085447-653fba2520f1e-4c0e8115-54b7e4d7","metadata":{"@type":"type.googleapis.com/google.cloud.functions.v2.OperationMetadata","createTime":"2026-06-11T15:01:26.341618605Z","target":"projects/diegomaquillportfolio/locations/us-central1/functions/submit","verb":"update","cancelRequested":false,"apiVersion":"v2","requestResource":{"@type":"type.googleapis.com/google.cloud.functions.v2.Function","name":"projects/diegomaquillportfolio/locations/us-central1/functions/submit","buildConfig":{"runtime":"nodejs22","entryPoint":"submit","source":{"storageSource":{"bucket":"gcf-v2-sources-485923941686-us-central1","object":"submit/function-source.zip","generation":"1781190086286482"}},"environmentVariables":{"GOOGLE_NODE_RUN_SCRIPTS":""},"dockerRepository":"projects/diegomaquillportfolio/locations/us-central1/repositories/gcf-artifacts","sourceProvenance":{"resolvedStorageSource":{"bucket":"gcf-v2-sources-485923941686-us-central1","object":"submit/function-source.zip","generation":"1781141456941646"}},"dockerRegistry":"ARTIFACT_REGISTRY","serviceAccount":"projects/diegomaquillportfolio/serviceAccounts/485923941686-compute@developer.gserviceaccount.com","automaticUpdatePolicy":{}},"serviceConfig":{"service":"projects/diegomaquillportfolio/locations/us-central1/services/submit","timeoutSeconds":60,"environmentVariables":{"FIREBASE_CONFIG":"{\"projectId\":\"diegomaquillportfolio\",\"storageBucket\":\"diegomaquillportfolio.firebasestorage.app\"}","GCLOUD_PROJECT":"diegomaquillportfolio","EVENTARC_CLOUD_EVENT_SOURCE":"projects/diegomaquillportfolio/locations/us-central1/services/submit","FUNCTION_TARGET":"submit","LOG_EXECUTION_ID":"true"},"ingressSettings":"ALLOW_ALL","serviceAccountEmail":"485923941686-compute@developer.gserviceaccount.com","availableMemory":"256Mi","maxInstanceRequestConcurrency":80,"availableCpu":"1"},"state":"UNKNOWN","labels":{"firebase-functions-hash":"5a092bdc74da9205f563c69429c72ed5da63450a"},"stateMessages":[{"severity":"ERROR","type":"CloudRunServiceNotFound","message":"Cloud Run service projects/diegomaquillportfolio/locations/us-central1/services/submit for the function was not found. The function will not work correctly. Please redeploy."}],"environment":"GEN_2","url":"https://us-central1-diegomaquillportfolio.cloudfunctions.net/submit","satisfiesPzi":true},"stages":[{"name":"BUILD","message":"Build in progress","state":"IN_PROGRESS","resource":"projects/485923941686/locations/us-central1/builds/e0de2b07-5a2f-4e34-8fab-3ea067e329b8","resourceUri":"https://console.cloud.google.com/cloud-build/builds;region=us-central1/e0de2b07-5a2f-4e34-8fab-3ea067e329b8?project=485923941686"},{"name":"SERVICE","state":"NOT_STARTED"}],"operationType":"UPDATE_FUNCTION","buildName":"projects/485923941686/locations/us-central1/builds/e0de2b07-5a2f-4e34-8fab-3ea067e329b8"},"done":false}
[debug] [2026-06-11T15:01:30.534Z] [update-default-us-central1-submit] Retrying task index 0
[debug] [2026-06-11T15:01:30.535Z] Checked if tokens are valid: true, expires at: 1781192335716
[debug] [2026-06-11T15:01:30.535Z] Checked if tokens are valid: true, expires at: 1781192335716
[debug] [2026-06-11T15:01:30.535Z] >>> [apiv2][query] GET https://cloudfunctions.googleapis.com/v2/projects/diegomaquillportfolio/locations/us-central1/operations/operation-1781190085447-653fba2520f1e-4c0e8115-54b7e4d7 [none]
[debug] [2026-06-11T15:01:30.670Z] <<< [apiv2][status] GET https://cloudfunctions.googleapis.com/v2/projects/diegomaquillportfolio/locations/us-central1/operations/operation-1781190085447-653fba2520f1e-4c0e8115-54b7e4d7 200
[debug] [2026-06-11T15:01:30.670Z] <<< [apiv2][body] GET https://cloudfunctions.googleapis.com/v2/projects/diegomaquillportfolio/locations/us-central1/operations/operation-1781190085447-653fba2520f1e-4c0e8115-54b7e4d7 {"name":"projects/diegomaquillportfolio/locations/us-central1/operations/operation-1781190085447-653fba2520f1e-4c0e8115-54b7e4d7","metadata":{"@type":"type.googleapis.com/google.cloud.functions.v2.OperationMetadata","createTime":"2026-06-11T15:01:26.341618605Z","target":"projects/diegomaquillportfolio/locations/us-central1/functions/submit","verb":"update","cancelRequested":false,"apiVersion":"v2","requestResource":{"@type":"type.googleapis.com/google.cloud.functions.v2.Function","name":"projects/diegomaquillportfolio/locations/us-central1/functions/submit","buildConfig":{"runtime":"nodejs22","entryPoint":"submit","source":{"storageSource":{"bucket":"gcf-v2-sources-485923941686-us-central1","object":"submit/function-source.zip","generation":"1781190086286482"}},"environmentVariables":{"GOOGLE_NODE_RUN_SCRIPTS":""},"dockerRepository":"projects/diegomaquillportfolio/locations/us-central1/repositories/gcf-artifacts","sourceProvenance":{"resolvedStorageSource":{"bucket":"gcf-v2-sources-485923941686-us-central1","object":"submit/function-source.zip","generation":"1781141456941646"}},"dockerRegistry":"ARTIFACT_REGISTRY","serviceAccount":"projects/diegomaquillportfolio/serviceAccounts/485923941686-compute@developer.gserviceaccount.com","automaticUpdatePolicy":{}},"serviceConfig":{"service":"projects/diegomaquillportfolio/locations/us-central1/services/submit","timeoutSeconds":60,"environmentVariables":{"FIREBASE_CONFIG":"{\"projectId\":\"diegomaquillportfolio\",\"storageBucket\":\"diegomaquillportfolio.firebasestorage.app\"}","GCLOUD_PROJECT":"diegomaquillportfolio","EVENTARC_CLOUD_EVENT_SOURCE":"projects/diegomaquillportfolio/locations/us-central1/services/submit","FUNCTION_TARGET":"submit","LOG_EXECUTION_ID":"true"},"ingressSettings":"ALLOW_ALL","serviceAccountEmail":"485923941686-compute@developer.gserviceaccount.com","availableMemory":"256Mi","maxInstanceRequestConcurrency":80,"availableCpu":"1"},"state":"UNKNOWN","labels":{"firebase-functions-hash":"5a092bdc74da9205f563c69429c72ed5da63450a"},"stateMessages":[{"severity":"ERROR","type":"CloudRunServiceNotFound","message":"Cloud Run service projects/diegomaquillportfolio/locations/us-central1/services/submit for the function was not found. The function will not work correctly. Please redeploy."}],"environment":"GEN_2","url":"https://us-central1-diegomaquillportfolio.cloudfunctions.net/submit","satisfiesPzi":true},"stages":[{"name":"BUILD","message":"Build in progress","state":"IN_PROGRESS","resource":"projects/485923941686/locations/us-central1/builds/e0de2b07-5a2f-4e34-8fab-3ea067e329b8","resourceUri":"https://console.cloud.google.com/cloud-build/builds;region=us-central1/e0de2b07-5a2f-4e34-8fab-3ea067e329b8?project=485923941686"},{"name":"SERVICE","state":"NOT_STARTED"}],"operationType":"UPDATE_FUNCTION","buildName":"projects/485923941686/locations/us-central1/builds/e0de2b07-5a2f-4e34-8fab-3ea067e329b8"},"done":false}
[debug] [2026-06-11T15:01:34.672Z] [update-default-us-central1-submit] Retrying task index 0
[debug] [2026-06-11T15:01:34.673Z] Checked if tokens are valid: true, expires at: 1781192335716
[debug] [2026-06-11T15:01:34.673Z] Checked if tokens are valid: true, expires at: 1781192335716
[debug] [2026-06-11T15:01:34.674Z] >>> [apiv2][query] GET https://cloudfunctions.googleapis.com/v2/projects/diegomaquillportfolio/locations/us-central1/operations/operation-1781190085447-653fba2520f1e-4c0e8115-54b7e4d7 [none]
[debug] [2026-06-11T15:01:34.871Z] <<< [apiv2][status] GET https://cloudfunctions.googleapis.com/v2/projects/diegomaquillportfolio/locations/us-central1/operations/operation-1781190085447-653fba2520f1e-4c0e8115-54b7e4d7 200
[debug] [2026-06-11T15:01:34.871Z] <<< [apiv2][body] GET https://cloudfunctions.googleapis.com/v2/projects/diegomaquillportfolio/locations/us-central1/operations/operation-1781190085447-653fba2520f1e-4c0e8115-54b7e4d7 {"name":"projects/diegomaquillportfolio/locations/us-central1/operations/operation-1781190085447-653fba2520f1e-4c0e8115-54b7e4d7","metadata":{"@type":"type.googleapis.com/google.cloud.functions.v2.OperationMetadata","createTime":"2026-06-11T15:01:26.341618605Z","target":"projects/diegomaquillportfolio/locations/us-central1/functions/submit","verb":"update","cancelRequested":false,"apiVersion":"v2","requestResource":{"@type":"type.googleapis.com/google.cloud.functions.v2.Function","name":"projects/diegomaquillportfolio/locations/us-central1/functions/submit","buildConfig":{"runtime":"nodejs22","entryPoint":"submit","source":{"storageSource":{"bucket":"gcf-v2-sources-485923941686-us-central1","object":"submit/function-source.zip","generation":"1781190086286482"}},"environmentVariables":{"GOOGLE_NODE_RUN_SCRIPTS":""},"dockerRepository":"projects/diegomaquillportfolio/locations/us-central1/repositories/gcf-artifacts","sourceProvenance":{"resolvedStorageSource":{"bucket":"gcf-v2-sources-485923941686-us-central1","object":"submit/function-source.zip","generation":"1781141456941646"}},"dockerRegistry":"ARTIFACT_REGISTRY","serviceAccount":"projects/diegomaquillportfolio/serviceAccounts/485923941686-compute@developer.gserviceaccount.com","automaticUpdatePolicy":{}},"serviceConfig":{"service":"projects/diegomaquillportfolio/locations/us-central1/services/submit","timeoutSeconds":60,"environmentVariables":{"FIREBASE_CONFIG":"{\"projectId\":\"diegomaquillportfolio\",\"storageBucket\":\"diegomaquillportfolio.firebasestorage.app\"}","GCLOUD_PROJECT":"diegomaquillportfolio","EVENTARC_CLOUD_EVENT_SOURCE":"projects/diegomaquillportfolio/locations/us-central1/services/submit","FUNCTION_TARGET":"submit","LOG_EXECUTION_ID":"true"},"ingressSettings":"ALLOW_ALL","serviceAccountEmail":"485923941686-compute@developer.gserviceaccount.com","availableMemory":"256Mi","maxInstanceRequestConcurrency":80,"availableCpu":"1"},"state":"UNKNOWN","labels":{"firebase-functions-hash":"5a092bdc74da9205f563c69429c72ed5da63450a"},"stateMessages":[{"severity":"ERROR","type":"CloudRunServiceNotFound","message":"Cloud Run service projects/diegomaquillportfolio/locations/us-central1/services/submit for the function was not found. The function will not work correctly. Please redeploy."}],"environment":"GEN_2","url":"https://us-central1-diegomaquillportfolio.cloudfunctions.net/submit","satisfiesPzi":true},"stages":[{"name":"BUILD","message":"Build in progress","state":"IN_PROGRESS","resource":"projects/485923941686/locations/us-central1/builds/e0de2b07-5a2f-4e34-8fab-3ea067e329b8","resourceUri":"https://console.cloud.google.com/cloud-build/builds;region=us-central1/e0de2b07-5a2f-4e34-8fab-3ea067e329b8?project=485923941686"},{"name":"SERVICE","state":"NOT_STARTED"}],"operationType":"UPDATE_FUNCTION","buildName":"projects/485923941686/locations/us-central1/builds/e0de2b07-5a2f-4e34-8fab-3ea067e329b8"},"done":false}
[debug] [2026-06-11T15:01:42.872Z] [update-default-us-central1-submit] Retrying task index 0
[debug] [2026-06-11T15:01:42.873Z] Checked if tokens are valid: true, expires at: 1781192335716
[debug] [2026-06-11T15:01:42.873Z] Checked if tokens are valid: true, expires at: 1781192335716
[debug] [2026-06-11T15:01:42.874Z] >>> [apiv2][query] GET https://cloudfunctions.googleapis.com/v2/projects/diegomaquillportfolio/locations/us-central1/operations/operation-1781190085447-653fba2520f1e-4c0e8115-54b7e4d7 [none]
[debug] [2026-06-11T15:01:43.130Z] <<< [apiv2][status] GET https://cloudfunctions.googleapis.com/v2/projects/diegomaquillportfolio/locations/us-central1/operations/operation-1781190085447-653fba2520f1e-4c0e8115-54b7e4d7 200
[debug] [2026-06-11T15:01:43.130Z] <<< [apiv2][body] GET https://cloudfunctions.googleapis.com/v2/projects/diegomaquillportfolio/locations/us-central1/operations/operation-1781190085447-653fba2520f1e-4c0e8115-54b7e4d7 {"name":"projects/diegomaquillportfolio/locations/us-central1/operations/operation-1781190085447-653fba2520f1e-4c0e8115-54b7e4d7","metadata":{"@type":"type.googleapis.com/google.cloud.functions.v2.OperationMetadata","createTime":"2026-06-11T15:01:26.341618605Z","target":"projects/diegomaquillportfolio/locations/us-central1/functions/submit","verb":"update","cancelRequested":false,"apiVersion":"v2","requestResource":{"@type":"type.googleapis.com/google.cloud.functions.v2.Function","name":"projects/diegomaquillportfolio/locations/us-central1/functions/submit","buildConfig":{"runtime":"nodejs22","entryPoint":"submit","source":{"storageSource":{"bucket":"gcf-v2-sources-485923941686-us-central1","object":"submit/function-source.zip","generation":"1781190086286482"}},"environmentVariables":{"GOOGLE_NODE_RUN_SCRIPTS":""},"dockerRepository":"projects/diegomaquillportfolio/locations/us-central1/repositories/gcf-artifacts","sourceProvenance":{"resolvedStorageSource":{"bucket":"gcf-v2-sources-485923941686-us-central1","object":"submit/function-source.zip","generation":"1781141456941646"}},"dockerRegistry":"ARTIFACT_REGISTRY","serviceAccount":"projects/diegomaquillportfolio/serviceAccounts/485923941686-compute@developer.gserviceaccount.com","automaticUpdatePolicy":{}},"serviceConfig":{"service":"projects/diegomaquillportfolio/locations/us-central1/services/submit","timeoutSeconds":60,"environmentVariables":{"FIREBASE_CONFIG":"{\"projectId\":\"diegomaquillportfolio\",\"storageBucket\":\"diegomaquillportfolio.firebasestorage.app\"}","GCLOUD_PROJECT":"diegomaquillportfolio","EVENTARC_CLOUD_EVENT_SOURCE":"projects/diegomaquillportfolio/locations/us-central1/services/submit","FUNCTION_TARGET":"submit","LOG_EXECUTION_ID":"true"},"ingressSettings":"ALLOW_ALL","serviceAccountEmail":"485923941686-compute@developer.gserviceaccount.com","availableMemory":"256Mi","maxInstanceRequestConcurrency":80,"availableCpu":"1"},"state":"UNKNOWN","labels":{"firebase-functions-hash":"5a092bdc74da9205f563c69429c72ed5da63450a"},"stateMessages":[{"severity":"ERROR","type":"CloudRunServiceNotFound","message":"Cloud Run service projects/diegomaquillportfolio/locations/us-central1/services/submit for the function was not found. The function will not work correctly. Please redeploy."}],"environment":"GEN_2","url":"https://us-central1-diegomaquillportfolio.cloudfunctions.net/submit","satisfiesPzi":true},"stages":[{"name":"BUILD","message":"Build in progress","state":"IN_PROGRESS","resource":"projects/485923941686/locations/us-central1/builds/e0de2b07-5a2f-4e34-8fab-3ea067e329b8","resourceUri":"https://console.cloud.google.com/cloud-build/builds;region=us-central1/e0de2b07-5a2f-4e34-8fab-3ea067e329b8?project=485923941686"},{"name":"SERVICE","state":"NOT_STARTED"}],"operationType":"UPDATE_FUNCTION","buildName":"projects/485923941686/locations/us-central1/builds/e0de2b07-5a2f-4e34-8fab-3ea067e329b8"},"done":false}
[debug] [2026-06-11T15:01:53.131Z] [update-default-us-central1-submit] Retrying task index 0
[debug] [2026-06-11T15:01:53.132Z] Checked if tokens are valid: true, expires at: 1781192335716
[debug] [2026-06-11T15:01:53.133Z] Checked if tokens are valid: true, expires at: 1781192335716
[debug] [2026-06-11T15:01:53.133Z] >>> [apiv2][query] GET https://cloudfunctions.googleapis.com/v2/projects/diegomaquillportfolio/locations/us-central1/operations/operation-1781190085447-653fba2520f1e-4c0e8115-54b7e4d7 [none]
[debug] [2026-06-11T15:01:53.316Z] <<< [apiv2][status] GET https://cloudfunctions.googleapis.com/v2/projects/diegomaquillportfolio/locations/us-central1/operations/operation-1781190085447-653fba2520f1e-4c0e8115-54b7e4d7 200
[debug] [2026-06-11T15:01:53.317Z] <<< [apiv2][body] GET https://cloudfunctions.googleapis.com/v2/projects/diegomaquillportfolio/locations/us-central1/operations/operation-1781190085447-653fba2520f1e-4c0e8115-54b7e4d7 {"name":"projects/diegomaquillportfolio/locations/us-central1/operations/operation-1781190085447-653fba2520f1e-4c0e8115-54b7e4d7","metadata":{"@type":"type.googleapis.com/google.cloud.functions.v2.OperationMetadata","createTime":"2026-06-11T15:01:26.341618605Z","target":"projects/diegomaquillportfolio/locations/us-central1/functions/submit","verb":"update","cancelRequested":false,"apiVersion":"v2","requestResource":{"@type":"type.googleapis.com/google.cloud.functions.v2.Function","name":"projects/diegomaquillportfolio/locations/us-central1/functions/submit","buildConfig":{"runtime":"nodejs22","entryPoint":"submit","source":{"storageSource":{"bucket":"gcf-v2-sources-485923941686-us-central1","object":"submit/function-source.zip","generation":"1781190086286482"}},"environmentVariables":{"GOOGLE_NODE_RUN_SCRIPTS":""},"dockerRepository":"projects/diegomaquillportfolio/locations/us-central1/repositories/gcf-artifacts","sourceProvenance":{"resolvedStorageSource":{"bucket":"gcf-v2-sources-485923941686-us-central1","object":"submit/function-source.zip","generation":"1781141456941646"}},"dockerRegistry":"ARTIFACT_REGISTRY","serviceAccount":"projects/diegomaquillportfolio/serviceAccounts/485923941686-compute@developer.gserviceaccount.com","automaticUpdatePolicy":{}},"serviceConfig":{"service":"projects/diegomaquillportfolio/locations/us-central1/services/submit","timeoutSeconds":60,"environmentVariables":{"FIREBASE_CONFIG":"{\"projectId\":\"diegomaquillportfolio\",\"storageBucket\":\"diegomaquillportfolio.firebasestorage.app\"}","GCLOUD_PROJECT":"diegomaquillportfolio","EVENTARC_CLOUD_EVENT_SOURCE":"projects/diegomaquillportfolio/locations/us-central1/services/submit","FUNCTION_TARGET":"submit","LOG_EXECUTION_ID":"true"},"ingressSettings":"ALLOW_ALL","serviceAccountEmail":"485923941686-compute@developer.gserviceaccount.com","availableMemory":"256Mi","maxInstanceRequestConcurrency":80,"availableCpu":"1"},"state":"UNKNOWN","labels":{"firebase-functions-hash":"5a092bdc74da9205f563c69429c72ed5da63450a"},"stateMessages":[{"severity":"ERROR","type":"CloudRunServiceNotFound","message":"Cloud Run service projects/diegomaquillportfolio/locations/us-central1/services/submit for the function was not found. The function will not work correctly. Please redeploy."}],"environment":"GEN_2","url":"https://us-central1-diegomaquillportfolio.cloudfunctions.net/submit","satisfiesPzi":true},"stages":[{"name":"BUILD","message":"Build in progress","state":"IN_PROGRESS","resource":"projects/485923941686/locations/us-central1/builds/e0de2b07-5a2f-4e34-8fab-3ea067e329b8","resourceUri":"https://console.cloud.google.com/cloud-build/builds;region=us-central1/e0de2b07-5a2f-4e34-8fab-3ea067e329b8?project=485923941686"},{"name":"SERVICE","state":"NOT_STARTED"}],"operationType":"UPDATE_FUNCTION","buildName":"projects/485923941686/locations/us-central1/builds/e0de2b07-5a2f-4e34-8fab-3ea067e329b8"},"done":false}
[debug] [2026-06-11T15:02:03.318Z] [update-default-us-central1-submit] Retrying task index 0
[debug] [2026-06-11T15:02:03.321Z] Checked if tokens are valid: true, expires at: 1781192335716
[debug] [2026-06-11T15:02:03.321Z] Checked if tokens are valid: true, expires at: 1781192335716
[debug] [2026-06-11T15:02:03.321Z] >>> [apiv2][query] GET https://cloudfunctions.googleapis.com/v2/projects/diegomaquillportfolio/locations/us-central1/operations/operation-1781190085447-653fba2520f1e-4c0e8115-54b7e4d7 [none]
[debug] [2026-06-11T15:02:03.688Z] <<< [apiv2][status] GET https://cloudfunctions.googleapis.com/v2/projects/diegomaquillportfolio/locations/us-central1/operations/operation-1781190085447-653fba2520f1e-4c0e8115-54b7e4d7 200
[debug] [2026-06-11T15:02:03.689Z] <<< [apiv2][body] GET https://cloudfunctions.googleapis.com/v2/projects/diegomaquillportfolio/locations/us-central1/operations/operation-1781190085447-653fba2520f1e-4c0e8115-54b7e4d7 {"name":"projects/diegomaquillportfolio/locations/us-central1/operations/operation-1781190085447-653fba2520f1e-4c0e8115-54b7e4d7","metadata":{"@type":"type.googleapis.com/google.cloud.functions.v2.OperationMetadata","createTime":"2026-06-11T15:01:26.341618605Z","target":"projects/diegomaquillportfolio/locations/us-central1/functions/submit","verb":"update","cancelRequested":false,"apiVersion":"v2","requestResource":{"@type":"type.googleapis.com/google.cloud.functions.v2.Function","name":"projects/diegomaquillportfolio/locations/us-central1/functions/submit","buildConfig":{"runtime":"nodejs22","entryPoint":"submit","source":{"storageSource":{"bucket":"gcf-v2-sources-485923941686-us-central1","object":"submit/function-source.zip","generation":"1781190086286482"}},"environmentVariables":{"GOOGLE_NODE_RUN_SCRIPTS":""},"dockerRepository":"projects/diegomaquillportfolio/locations/us-central1/repositories/gcf-artifacts","sourceProvenance":{"resolvedStorageSource":{"bucket":"gcf-v2-sources-485923941686-us-central1","object":"submit/function-source.zip","generation":"1781141456941646"}},"dockerRegistry":"ARTIFACT_REGISTRY","serviceAccount":"projects/diegomaquillportfolio/serviceAccounts/485923941686-compute@developer.gserviceaccount.com","automaticUpdatePolicy":{}},"serviceConfig":{"service":"projects/diegomaquillportfolio/locations/us-central1/services/submit","timeoutSeconds":60,"environmentVariables":{"FIREBASE_CONFIG":"{\"projectId\":\"diegomaquillportfolio\",\"storageBucket\":\"diegomaquillportfolio.firebasestorage.app\"}","GCLOUD_PROJECT":"diegomaquillportfolio","EVENTARC_CLOUD_EVENT_SOURCE":"projects/diegomaquillportfolio/locations/us-central1/services/submit","FUNCTION_TARGET":"submit","LOG_EXECUTION_ID":"true"},"ingressSettings":"ALLOW_ALL","serviceAccountEmail":"485923941686-compute@developer.gserviceaccount.com","availableMemory":"256Mi","maxInstanceRequestConcurrency":80,"availableCpu":"1"},"state":"UNKNOWN","labels":{"firebase-functions-hash":"5a092bdc74da9205f563c69429c72ed5da63450a"},"stateMessages":[{"severity":"ERROR","type":"CloudRunServiceNotFound","message":"Cloud Run service projects/diegomaquillportfolio/locations/us-central1/services/submit for the function was not found. The function will not work correctly. Please redeploy."}],"environment":"GEN_2","url":"https://us-central1-diegomaquillportfolio.cloudfunctions.net/submit","satisfiesPzi":true},"stages":[{"name":"BUILD","message":"Build in progress","state":"IN_PROGRESS","resource":"projects/485923941686/locations/us-central1/builds/e0de2b07-5a2f-4e34-8fab-3ea067e329b8","resourceUri":"https://console.cloud.google.com/cloud-build/builds;region=us-central1/e0de2b07-5a2f-4e34-8fab-3ea067e329b8?project=485923941686"},{"name":"SERVICE","state":"NOT_STARTED"}],"operationType":"UPDATE_FUNCTION","buildName":"projects/485923941686/locations/us-central1/builds/e0de2b07-5a2f-4e34-8fab-3ea067e329b8"},"done":false}
[debug] [2026-06-11T15:02:13.692Z] [update-default-us-central1-submit] Retrying task index 0
[debug] [2026-06-11T15:02:13.692Z] Checked if tokens are valid: true, expires at: 1781192335716
[debug] [2026-06-11T15:02:13.693Z] Checked if tokens are valid: true, expires at: 1781192335716
[debug] [2026-06-11T15:02:13.693Z] >>> [apiv2][query] GET https://cloudfunctions.googleapis.com/v2/projects/diegomaquillportfolio/locations/us-central1/operations/operation-1781190085447-653fba2520f1e-4c0e8115-54b7e4d7 [none]
[debug] [2026-06-11T15:02:14.065Z] <<< [apiv2][status] GET https://cloudfunctions.googleapis.com/v2/projects/diegomaquillportfolio/locations/us-central1/operations/operation-1781190085447-653fba2520f1e-4c0e8115-54b7e4d7 200
[debug] [2026-06-11T15:02:14.066Z] <<< [apiv2][body] GET https://cloudfunctions.googleapis.com/v2/projects/diegomaquillportfolio/locations/us-central1/operations/operation-1781190085447-653fba2520f1e-4c0e8115-54b7e4d7 {"name":"projects/diegomaquillportfolio/locations/us-central1/operations/operation-1781190085447-653fba2520f1e-4c0e8115-54b7e4d7","metadata":{"@type":"type.googleapis.com/google.cloud.functions.v2.OperationMetadata","createTime":"2026-06-11T15:01:26.341618605Z","target":"projects/diegomaquillportfolio/locations/us-central1/functions/submit","verb":"update","cancelRequested":false,"apiVersion":"v2","requestResource":{"@type":"type.googleapis.com/google.cloud.functions.v2.Function","name":"projects/diegomaquillportfolio/locations/us-central1/functions/submit","buildConfig":{"runtime":"nodejs22","entryPoint":"submit","source":{"storageSource":{"bucket":"gcf-v2-sources-485923941686-us-central1","object":"submit/function-source.zip","generation":"1781190086286482"}},"environmentVariables":{"GOOGLE_NODE_RUN_SCRIPTS":""},"dockerRepository":"projects/diegomaquillportfolio/locations/us-central1/repositories/gcf-artifacts","sourceProvenance":{"resolvedStorageSource":{"bucket":"gcf-v2-sources-485923941686-us-central1","object":"submit/function-source.zip","generation":"1781141456941646"}},"dockerRegistry":"ARTIFACT_REGISTRY","serviceAccount":"projects/diegomaquillportfolio/serviceAccounts/485923941686-compute@developer.gserviceaccount.com","automaticUpdatePolicy":{}},"serviceConfig":{"service":"projects/diegomaquillportfolio/locations/us-central1/services/submit","timeoutSeconds":60,"environmentVariables":{"FIREBASE_CONFIG":"{\"projectId\":\"diegomaquillportfolio\",\"storageBucket\":\"diegomaquillportfolio.firebasestorage.app\"}","GCLOUD_PROJECT":"diegomaquillportfolio","EVENTARC_CLOUD_EVENT_SOURCE":"projects/diegomaquillportfolio/locations/us-central1/services/submit","FUNCTION_TARGET":"submit","LOG_EXECUTION_ID":"true"},"ingressSettings":"ALLOW_ALL","serviceAccountEmail":"485923941686-compute@developer.gserviceaccount.com","availableMemory":"256Mi","maxInstanceRequestConcurrency":80,"availableCpu":"1"},"state":"UNKNOWN","labels":{"firebase-functions-hash":"5a092bdc74da9205f563c69429c72ed5da63450a"},"stateMessages":[{"severity":"ERROR","type":"CloudRunServiceNotFound","message":"Cloud Run service projects/diegomaquillportfolio/locations/us-central1/services/submit for the function was not found. The function will not work correctly. Please redeploy."}],"environment":"GEN_2","url":"https://us-central1-diegomaquillportfolio.cloudfunctions.net/submit","satisfiesPzi":true},"stages":[{"name":"BUILD","message":"Build in progress","state":"IN_PROGRESS","resource":"projects/485923941686/locations/us-central1/builds/e0de2b07-5a2f-4e34-8fab-3ea067e329b8","resourceUri":"https://console.cloud.google.com/cloud-build/builds;region=us-central1/e0de2b07-5a2f-4e34-8fab-3ea067e329b8?project=485923941686"},{"name":"SERVICE","state":"NOT_STARTED"}],"operationType":"UPDATE_FUNCTION","buildName":"projects/485923941686/locations/us-central1/builds/e0de2b07-5a2f-4e34-8fab-3ea067e329b8"},"done":false}
[debug] [2026-06-11T15:02:24.067Z] [update-default-us-central1-submit] Retrying task index 0
[debug] [2026-06-11T15:02:24.068Z] Checked if tokens are valid: true, expires at: 1781192335716
[debug] [2026-06-11T15:02:24.068Z] Checked if tokens are valid: true, expires at: 1781192335716
[debug] [2026-06-11T15:02:24.069Z] >>> [apiv2][query] GET https://cloudfunctions.googleapis.com/v2/projects/diegomaquillportfolio/locations/us-central1/operations/operation-1781190085447-653fba2520f1e-4c0e8115-54b7e4d7 [none]
[debug] [2026-06-11T15:02:24.309Z] <<< [apiv2][status] GET https://cloudfunctions.googleapis.com/v2/projects/diegomaquillportfolio/locations/us-central1/operations/operation-1781190085447-653fba2520f1e-4c0e8115-54b7e4d7 200
[debug] [2026-06-11T15:02:24.309Z] <<< [apiv2][body] GET https://cloudfunctions.googleapis.com/v2/projects/diegomaquillportfolio/locations/us-central1/operations/operation-1781190085447-653fba2520f1e-4c0e8115-54b7e4d7 {"name":"projects/diegomaquillportfolio/locations/us-central1/operations/operation-1781190085447-653fba2520f1e-4c0e8115-54b7e4d7","metadata":{"@type":"type.googleapis.com/google.cloud.functions.v2.OperationMetadata","createTime":"2026-06-11T15:01:26.341618605Z","target":"projects/diegomaquillportfolio/locations/us-central1/functions/submit","verb":"update","cancelRequested":false,"apiVersion":"v2","requestResource":{"@type":"type.googleapis.com/google.cloud.functions.v2.Function","name":"projects/diegomaquillportfolio/locations/us-central1/functions/submit","buildConfig":{"runtime":"nodejs22","entryPoint":"submit","source":{"storageSource":{"bucket":"gcf-v2-sources-485923941686-us-central1","object":"submit/function-source.zip","generation":"1781190086286482"}},"environmentVariables":{"GOOGLE_NODE_RUN_SCRIPTS":""},"dockerRepository":"projects/diegomaquillportfolio/locations/us-central1/repositories/gcf-artifacts","sourceProvenance":{"resolvedStorageSource":{"bucket":"gcf-v2-sources-485923941686-us-central1","object":"submit/function-source.zip","generation":"1781141456941646"}},"dockerRegistry":"ARTIFACT_REGISTRY","serviceAccount":"projects/diegomaquillportfolio/serviceAccounts/485923941686-compute@developer.gserviceaccount.com","automaticUpdatePolicy":{}},"serviceConfig":{"service":"projects/diegomaquillportfolio/locations/us-central1/services/submit","timeoutSeconds":60,"environmentVariables":{"FIREBASE_CONFIG":"{\"projectId\":\"diegomaquillportfolio\",\"storageBucket\":\"diegomaquillportfolio.firebasestorage.app\"}","GCLOUD_PROJECT":"diegomaquillportfolio","EVENTARC_CLOUD_EVENT_SOURCE":"projects/diegomaquillportfolio/locations/us-central1/services/submit","FUNCTION_TARGET":"submit","LOG_EXECUTION_ID":"true"},"ingressSettings":"ALLOW_ALL","serviceAccountEmail":"485923941686-compute@developer.gserviceaccount.com","availableMemory":"256Mi","maxInstanceRequestConcurrency":80,"availableCpu":"1"},"state":"UNKNOWN","labels":{"firebase-functions-hash":"5a092bdc74da9205f563c69429c72ed5da63450a"},"stateMessages":[{"severity":"ERROR","type":"CloudRunServiceNotFound","message":"Cloud Run service projects/diegomaquillportfolio/locations/us-central1/services/submit for the function was not found. The function will not work correctly. Please redeploy."}],"environment":"GEN_2","url":"https://us-central1-diegomaquillportfolio.cloudfunctions.net/submit","satisfiesPzi":true},"stages":[{"name":"BUILD","message":"Build in progress","state":"IN_PROGRESS","resource":"projects/485923941686/locations/us-central1/builds/e0de2b07-5a2f-4e34-8fab-3ea067e329b8","resourceUri":"https://console.cloud.google.com/cloud-build/builds;region=us-central1/e0de2b07-5a2f-4e34-8fab-3ea067e329b8?project=485923941686"},{"name":"SERVICE","state":"NOT_STARTED"}],"operationType":"UPDATE_FUNCTION","buildName":"projects/485923941686/locations/us-central1/builds/e0de2b07-5a2f-4e34-8fab-3ea067e329b8"},"done":false}
[debug] [2026-06-11T15:02:34.310Z] [update-default-us-central1-submit] Retrying task index 0
[debug] [2026-06-11T15:02:34.311Z] Checked if tokens are valid: true, expires at: 1781192335716
[debug] [2026-06-11T15:02:34.311Z] Checked if tokens are valid: true, expires at: 1781192335716
[debug] [2026-06-11T15:02:34.312Z] >>> [apiv2][query] GET https://cloudfunctions.googleapis.com/v2/projects/diegomaquillportfolio/locations/us-central1/operations/operation-1781190085447-653fba2520f1e-4c0e8115-54b7e4d7 [none]
[debug] [2026-06-11T15:02:34.546Z] <<< [apiv2][status] GET https://cloudfunctions.googleapis.com/v2/projects/diegomaquillportfolio/locations/us-central1/operations/operation-1781190085447-653fba2520f1e-4c0e8115-54b7e4d7 200
[debug] [2026-06-11T15:02:34.547Z] <<< [apiv2][body] GET https://cloudfunctions.googleapis.com/v2/projects/diegomaquillportfolio/locations/us-central1/operations/operation-1781190085447-653fba2520f1e-4c0e8115-54b7e4d7 {"name":"projects/diegomaquillportfolio/locations/us-central1/operations/operation-1781190085447-653fba2520f1e-4c0e8115-54b7e4d7","metadata":{"@type":"type.googleapis.com/google.cloud.functions.v2.OperationMetadata","createTime":"2026-06-11T15:01:26.341618605Z","endTime":"2026-06-11T15:02:24.665802061Z","target":"projects/diegomaquillportfolio/locations/us-central1/functions/submit","verb":"update","cancelRequested":false,"apiVersion":"v2","requestResource":{"@type":"type.googleapis.com/google.cloud.functions.v2.Function","name":"projects/diegomaquillportfolio/locations/us-central1/functions/submit","buildConfig":{"runtime":"nodejs22","entryPoint":"submit","source":{"storageSource":{"bucket":"gcf-v2-sources-485923941686-us-central1","object":"submit/function-source.zip","generation":"1781190086286482"}},"environmentVariables":{"GOOGLE_NODE_RUN_SCRIPTS":""},"dockerRepository":"projects/diegomaquillportfolio/locations/us-central1/repositories/gcf-artifacts","sourceProvenance":{"resolvedStorageSource":{"bucket":"gcf-v2-sources-485923941686-us-central1","object":"submit/function-source.zip","generation":"1781141456941646"}},"dockerRegistry":"ARTIFACT_REGISTRY","serviceAccount":"projects/diegomaquillportfolio/serviceAccounts/485923941686-compute@developer.gserviceaccount.com","automaticUpdatePolicy":{}},"serviceConfig":{"service":"projects/diegomaquillportfolio/locations/us-central1/services/submit","timeoutSeconds":60,"environmentVariables":{"FIREBASE_CONFIG":"{\"projectId\":\"diegomaquillportfolio\",\"storageBucket\":\"diegomaquillportfolio.firebasestorage.app\"}","GCLOUD_PROJECT":"diegomaquillportfolio","EVENTARC_CLOUD_EVENT_SOURCE":"projects/diegomaquillportfolio/locations/us-central1/services/submit","FUNCTION_TARGET":"submit","LOG_EXECUTION_ID":"true"},"ingressSettings":"ALLOW_ALL","serviceAccountEmail":"485923941686-compute@developer.gserviceaccount.com","availableMemory":"256Mi","maxInstanceRequestConcurrency":80,"availableCpu":"1"},"state":"UNKNOWN","labels":{"firebase-functions-hash":"5a092bdc74da9205f563c69429c72ed5da63450a"},"stateMessages":[{"severity":"ERROR","type":"CloudRunServiceNotFound","message":"Cloud Run service projects/diegomaquillportfolio/locations/us-central1/services/submit for the function was not found. The function will not work correctly. Please redeploy."}],"environment":"GEN_2","url":"https://us-central1-diegomaquillportfolio.cloudfunctions.net/submit","satisfiesPzi":true},"stages":[{"name":"SERVICE","state":"NOT_STARTED"}],"operationType":"UPDATE_FUNCTION"},"done":true,"error":{"code":3,"message":"Build failed with status: FAILURE and message: npm error code EUSAGE\nnpm error\nnpm error `npm ci` can only install packages when your package.json and package-lock.json or npm-shrinkwrap.json are in sync. Please update your lock file with `npm install` before continuing.\nnpm error\nnpm error Missing: jest@30.4.2 from lock file\nnpm error Missing: @jest/core@30.4.2 from lock file\nnpm error Missing: @jest/types@30.4.1 from lock file\nnpm error Missing: import-local@3.2.0 from lock file\nnpm error Missing: jest-cli@30.4.2 from lock file\nnpm error Missing: @jest/console@30.4.1 from lock file\nnpm error Missing: @jest/pattern@30.4.0 from lock file\nnpm error Missing: @jest/reporters@30.4.1 from lock file\nnpm error Missing: @jest/test-result@30.4.1 from lock file\nnpm error Missing: @jest/transform@30.4.1 from lock file\nnpm error Missing: ansi-escapes@4.3.2 from lock file\nnpm error Missing: chalk@4.1.2 from lock file\nnpm error Missing: ci-info@4.4.0 from lock file\nnpm error Missing: exit-x@0.2.2 from lock file\nnpm error Missing: fast-json-stable-stringify@2.1.0 from lock file\nnpm error Missing: graceful-fs@4.2.11 from lock file\nnpm error Missing: jest-changed-files@30.4.1 from lock file\nnpm error Missing: jest-config@30.4.2 from lock file\nnpm error Missing: jest-haste-map@30.4.1 from lock file\nnpm error Missing: jest-message-util@30.4.1 from lock file\nnpm error Missing: jest-regex-util@30.4.0 from lock file\nnpm error Missing: jest-resolve@30.4.1 from lock file\nnpm error Missing: jest-resolve-dependencies@30.4.2 from lock file\nnpm error Missing: jest-runner@30.4.2 from lock file\nnpm error Missing: jest-runtime@30.4.2 from lock file\nnpm error Missing: jest-snapshot@30.4.1 from lock file\nnpm error Missing: jest-util@30.4.1 from lock file\nnpm error Missing: jest-validate@30.4.1 from lock file\nnpm error Missing: jest-watcher@30.4.1 from lock file\nnpm error Missing: pretty-format@30.4.1 from lock file\nnpm error Missing: slash@3.0.0 from lock file\nnpm error Missing: @bcoe/v8-coverage@0.2.3 from lock file\nnpm error Missing: @jridgewell/trace-mapping@0.3.31 from lock file\nnpm error Missing: collect-v8-coverage@1.0.3 from lock file\nnpm error Missing: glob@10.5.0 from lock file\nnpm error Missing: istanbul-lib-coverage@3.2.2 from lock file\nnpm error Missing: istanbul-lib-instrument@6.0.3 from lock file\nnpm error Missing: istanbul-lib-report@3.0.1 from lock file\nnpm error Missing: istanbul-lib-source-maps@5.0.6 from lock file\nnpm error Missing: istanbul-reports@3.2.0 from lock file\nnpm error Missing: jest-worker@30.4.1 from lock file\nnpm error Missing: string-length@4.0.2 from lock file\nnpm error Missing: v8-to-istanbul@9.3.0 from lock file\nnpm error Missing: @types/istanbul-lib-coverage@2.0.6 from lock file\nnpm error Missing: @babel/core@7.29.7 from lock file\nnpm error Missing: babel-plugin-istanbul@7.0.1 from lock file\nnpm error Missing: convert-source-map@2.0.0 from lock file\nnpm error Missing: pirates@4.0.7 from lock file\nnpm error Missing: write-file-atomic@5.0.1 from lock file\nnpm error Missing: @babel/code-frame@7.29.7 from lock file\nnpm error Missing: @babel/generator@7.29.7 from lock file\nnpm error Missing: @babel/helper-compilation-targets@7.29.7 from lock file\nnpm error Missing: @babel/helper-module-transforms@7.29.7 from lock file\nnpm error Missing: @babel/helpers@7.29.7 from lock file\nnpm error Missing: @babel/parser@7.29.7 from lock file\nnpm error Missing: @babel/template@7.29.7 from lock file\nnpm error Missing: @babel/traverse@7.29.7 from lock file\nnpm error Missing: @babel/types@7.29.7 from lock file\nnpm error Missing: @jridgewell/remapping@2.3.5 from lock file\nnpm error Missing: debug@4.4.3 from lock file\nnpm error Missing: gensync@1.0.0-beta.2 from lock file\nnpm error Missing: json5@2.2.3 from lock file\nnpm error Missing: semver@6.3.1 from lock file\nnpm error Missing: @babel/helper-validator-identifier@7.29.7 from lock file\nnpm error Missing: js-tokens@4.0.0 from lock file\nnpm error Missing: picocolors@1.1.1 from lock file\nnpm error Missing: @jridgewell/gen-mapping@0.3.13 from lock file\nnpm error Missing: jsesc@3.1.0 from lock file\nnpm error Missing: @babel/compat-data@7.29.7 from lock file\nnpm error Missing: @babel/helper-validator-option@7.29.7 from lock file\nnpm error Missing: browserslist@4.28.2 from lock file\nnpm error Missing: lru-cache@5.1.1 from lock file\nnpm error Missing: semver@6.3.1 from lock file\nnpm error Missing: @babel/helper-module-imports@7.29.7 from lock file\nnpm error Missing: @babel/helper-globals@7.29.7 from lock file\nnpm error Missing: debug@4.4.3 from lock file\nnpm error Missing: @babel/helper-string-parser@7.29.7 from lock file\nnpm error Missing: @jest/schemas@30.4.1 from lock file\nnpm error Missing: @types/istanbul-reports@3.0.4 from lock file\nnpm error Missing: @types/yargs@17.0.35 from lock file\nnpm error Missing: @sinclair/typebox@0.34.49 from lock file\nnpm error Missing: @jridgewell/sourcemap-codec@1.5.5 from lock file\nnpm error Missing: @jridgewell/resolve-uri@3.1.2 from lock file\nnpm error Missing: @types/istanbul-lib-report@3.0.3 from lock file\nnpm error Missing: @types/yargs-parser@21.0.3 from lock file\nnpm error Missing: type-fest@0.21.3 from lock file\nnpm error Missing: @babel/helper-plugin-utils@7.29.7 from lock file\nnpm error Missing: @istanbuljs/load-nyc-config@1.1.0 from lock file\nnpm error Missing: @istanbuljs/schema@0.1.6 from lock file\nnpm error Missing: test-exclude@6.0.0 from lock file\nnpm error Missing: camelcase@5.3.1 from lock file\nnpm error Missing: find-up@4.1.0 from lock file\nnpm error Missing: get-package-type@0.1.0 from lock file\nnpm error Missing: js-yaml@3.14.2 from lock file\nnpm error Missing: resolve-from@5.0.0 from lock file\nnpm error Missing: baseline-browser-mapping@2.10.35 from lock file\nnpm error Missing: caniuse-lite@1.0.30001799 from lock file\nnpm error Missing: electron-to-chromium@1.5.371 from lock file\nnpm error Missing: node-releases@2.0.47 from lock file\nnpm error Missing: update-browserslist-db@1.2.3 from lock file\nnpm error Missing: supports-color@7.2.0 from lock file\nnpm error Missing: locate-path@5.0.0 from lock file\nnpm error Missing: path-exists@4.0.0 from lock file\nnpm error Missing: foreground-child@3.3.1 from lock file\nnpm error Missing: jackspeak@3.4.3 from lock file\nnpm error Missing: minimatch@9.0.9 from lock file\nnpm error Missing: minipass@7.1.3 from lock file\nnpm error Missing: package-json-from-dist@1.0.1 from lock file\nnpm error Missing: path-scurry@1.11.1 from lock file\nnpm error Missing: cross-spawn@7.0.6 from lock file\nnpm error Missing: signal-exit@4.1.0 from lock file\nnpm error Missing: path-key@3.1.1 from lock file\nnpm error Missing: shebang-command@2.0.0 from lock file\nnpm error Missing: which@2.0.2 from lock file\nnpm error Missing: pkg-dir@4.2.0 from lock file\nnpm error Missing: resolve-cwd@3.0.0 from lock file\nnpm error Missing: make-dir@4.0.0 from lock file\nnpm error Missing: debug@4.4.3 from lock file\nnpm error Missing: html-escaper@2.0.2 from lock file\nnpm error Missing: @isaacs/cliui@8.0.2 from lock file\nnpm error Missing: @pkgjs/parseargs@0.11.0 from lock file\nnpm error Missing: string-width@5.1.2 from lock file\nnpm error Missing: string-width-cjs@4.2.3 from lock file\nnpm error Missing: strip-ansi@7.2.0 from lock file\nnpm error Missing: strip-ansi-cjs@6.0.1 from lock file\nnpm error Missing: wrap-ansi@8.1.0 from lock file\nnpm error Missing: wrap-ansi-cjs@7.0.0 from lock file\nnpm error Missing: execa@5.1.1 from lock file\nnpm error Missing: get-stream@6.0.1 from lock file\nnpm error Missing: human-signals@2.1.0 from lock file\nnpm error Missing: merge-stream@2.0.0 from lock file\nnpm error Missing: npm-run-path@4.0.1 from lock file\nnpm error Missing: onetime@5.1.2 from lock file\nnpm error Missing: signal-exit@3.0.7 from lock file\nnpm error Missing: strip-final-newline@2.0.0 from lock file\nnpm error Missing: @jest/get-type@30.1.0 from lock file\nnpm error Missing: @jest/test-sequencer@30.4.1 from lock file\nnpm error Missing: babel-jest@30.4.1 from lock file\nnpm error Missing: deepmerge@4.3.1 from lock file\nnpm error Missing: jest-circus@30.4.2 from lock file\nnpm error Missing: jest-docblock@30.4.0 from lock file\nnpm error Missing: jest-environment-node@30.4.1 from lock file\nnpm error Missing: parse-json@5.2.0 from lock file\nnpm error Missing: strip-json-comments@3.1.1 from lock file\nnpm error Missing: @types/babel__core@7.20.5 from lock file\nnpm error Missing: babel-preset-jest@30.4.0 from lock file\nnpm error Missing: @types/babel__generator@7.27.0 from lock file\nnpm error Missing: @types/babel__template@7.4.4 from lock file\nnpm error Missing: @types/babel__traverse@7.28.0 from lock file\nnpm error Missing: babel-plugin-jest-hoist@30.4.0 from lock file\nnpm error Missing: babel-preset-current-node-syntax@1.2.0 from lock file\nnpm error Missing: @babel/plugin-syntax-async-generators@7.8.4 from lock file\nnpm error Missing: @babel/plugin-syntax-bigint@7.8.3 from lock file\nnpm error Missing: @babel/plugin-syntax-class-properties@7.12.13 from lock file\nnpm error Missing: @babel/plugin-syntax-class-static-block@7.14.5 from lock file\nnpm error Missing: @babel/plugin-syntax-import-attributes@7.29.7 from lock file\nnpm error Missing: @babel/plugin-syntax-import-meta@7.10.4 from lock file\nnpm error Missing: @babel/plugin-syntax-json-strings@7.8.3 from lock file\nnpm error Missing: @babel/plugin-syntax-logical-assignment-operators@7.10.4 from lock file\nnpm error Missing: @babel/plugin-syntax-nullish-coalescing-operator@7.8.3 from lock file\nnpm error Missing: @babel/plugin-syntax-numeric-separator@7.10.4 from lock file\nnpm error Missing: @babel/plugin-syntax-object-rest-spread@7.8.3 from lock file\nnpm error Missing: @babel/plugin-syntax-optional-catch-binding@7.8.3 from lock file\nnpm error Missing: @babel/plugin-syntax-optional-chaining@7.8.3 from lock file\nnpm error Missing: @babel/plugin-syntax-private-property-in-object@7.14.5 from lock file\nnpm error Missing: @babel/plugin-syntax-top-level-await@7.14.5 from lock file\nnpm error Missing: @jest/environment@30.4.1 from lock file\nnpm error Missing: @jest/expect@30.4.1 from lock file\nnpm error Missing: co@4.6.0 from lock file\nnpm error Missing: dedent@1.7.2 from lock file\nnpm error Missing: is-generator-fn@2.1.0 from lock file\nnpm error Missing: jest-each@30.4.1 from lock file\nnpm error Missing: jest-matcher-utils@30.4.1 from lock file\nnpm error Missing: pure-rand@7.0.1 from lock file\nnpm error Missing: stack-utils@2.0.6 from lock file\nnpm error Missing: @jest/fake-timers@30.4.1 from lock file\nnpm error Missing: jest-mock@30.4.1 from lock file\nnpm error Missing: expect@30.4.1 from lock file\nnpm error Missing: @sinonjs/fake-timers@15.4.0 from lock file\nnpm error Missing: @sinonjs/commons@3.0.1 from lock file\nnpm error Missing: type-detect@4.0.8 from lock file\nnpm error Missing: @jest/expect-utils@30.4.1 from lock file\nnpm error Missing: detect-newline@3.1.0 from lock file\nnpm error Missing: anymatch@3.1.3 from lock file\nnpm error Missing: fb-watchman@2.0.2 from lock file\nnpm error Missing: fsevents@2.3.3 from lock file\nnpm error Missing: picomatch@4.0.4 from lock file\nnpm error Missing: walker@1.0.8 from lock file\nnpm error Missing: normalize-path@3.0.0 from lock file\nnpm error Missing: picomatch@2.3.2 from lock file\nnpm error Missing: bser@2.1.1 from lock file\nnpm error Missing: node-int64@0.4.0 from lock file\nnpm error Missing: jest-diff@30.4.1 from lock file\nnpm error Missing: @jest/diff-sequences@30.4.0 from lock file\nnpm error Missing: @types/stack-utils@2.0.3 from lock file\nnpm error Missing: jest-pnp-resolver@1.2.3 from lock file\nnpm error Missing: unrs-resolver@1.12.2 from lock file\nnpm error Missing: emittery@0.13.1 from lock file\nnpm error Missing: jest-leak-detector@30.4.1 from lock file\nnpm error Missing: source-map-support@0.5.13 from lock file\nnpm error Missing: @jest/globals@30.4.1 from lock file\nnpm error Missing: @jest/source-map@30.0.1 from lock file\nnpm error Missing: cjs-module-lexer@2.2.0 from lock file\nnpm error Missing: strip-bom@4.0.0 from lock file\nnpm error Missing: callsites@3.1.0 from lock file\nnpm error Missing: @babel/plugin-syntax-jsx@7.29.7 from lock file\nnpm error Missing: @babel/plugin-syntax-typescript@7.29.7 from lock file\nnpm error Missing: @jest/snapshot-utils@30.4.1 from lock file\nnpm error Missing: synckit@0.11.13 from lock file\nnpm error Missing: natural-compare@1.4.0 from lock file\nnpm error Missing: camelcase@6.3.0 from lock file\nnpm error Missing: leven@3.1.0 from lock file\nnpm error Missing: @ungap/structured-clone@1.3.1 from lock file\nnpm error Missing: supports-color@8.1.1 from lock file\nnpm error Missing: argparse@1.0.10 from lock file\nnpm error Missing: esprima@4.0.1 from lock file\nnpm error Missing: sprintf-js@1.0.3 from lock file\nnpm error Missing: p-locate@4.1.0 from lock file\nnpm error Missing: brace-expansion@2.1.1 from lock file\nnpm error Missing: balanced-match@1.0.2 from lock file\nnpm error Missing: mimic-fn@2.1.0 from lock file\nnpm error Missing: p-limit@2.3.0 from lock file\nnpm error Missing: error-ex@1.3.4 from lock file\nnpm error Missing: json-parse-even-better-errors@2.3.1 from lock file\nnpm error Missing: lines-and-columns@1.2.4 from lock file\nnpm error Missing: is-arrayish@0.2.1 from lock file\nnpm error Missing: lru-cache@10.4.3 from lock file\nnpm error Missing: ansi-styles@5.2.0 from lock file\nnpm error Missing: react-is-18@18.3.1 from lock file\nnpm error Missing: react-is-19@19.2.7 from lock file\nnpm error Missing: shebang-regex@3.0.0 from lock file\nnpm error Missing: buffer-from@1.1.2 from lock file\nnpm error Missing: source-map@0.6.1 from lock file\nnpm error Missing: escape-string-regexp@2.0.0 from lock file\nnpm error Missing: char-regex@1.0.2 from lock file\nnpm error Missing: has-flag@4.0.0 from lock file\nnpm error Missing: @pkgr/core@0.3.6 from lock file\nnpm error Missing: glob@7.2.3 from lock file\nnpm error Missing: minimatch@3.1.5 from lock file\nnpm error Missing: @unrs/resolver-binding-android-arm-eabi@1.12.2 from lock file\nnpm error Missing: @unrs/resolver-binding-android-arm64@1.12.2 from lock file\nnpm error Missing: @unrs/resolver-binding-darwin-arm64@1.12.2 from lock file\nnpm error Missing: @unrs/resolver-binding-darwin-x64@1.12.2 from lock file\nnpm error Missing: @unrs/resolver-binding-freebsd-x64@1.12.2 from lock file\nnpm error Missing: @unrs/resolver-binding-linux-arm-gnueabihf@1.12.2 from lock file\nnpm error Missing: @unrs/resolver-binding-linux-arm-musleabihf@1.12.2 from lock file\nnpm error Missing: @unrs/resolver-binding-linux-arm64-gnu@1.12.2 from lock file\nnpm error Missing: @unrs/resolver-binding-linux-arm64-musl@1.12.2 from lock file\nnpm error Missing: @unrs/resolver-binding-linux-loong64-gnu@1.12.2 from lock file\nnpm error Missing: @unrs/resolver-binding-linux-loong64-musl@1.12.2 from lock file\nnpm error Missing: @unrs/resolver-binding-linux-ppc64-gnu@1.12.2 from lock file\nnpm error Missing: @unrs/resolver-binding-linux-riscv64-gnu@1.12.2 from lock file\nnpm error Missing: @unrs/resolver-binding-linux-riscv64-musl@1.12.2 from lock file\nnpm error Missing: @unrs/resolver-binding-linux-s390x-gnu@1.12.2 from lock file\nnpm error Missing: @unrs/resolver-binding-linux-x64-gnu@1.12.2 from lock file\nnpm error Missing: @unrs/resolver-binding-linux-x64-musl@1.12.2 from lock file\nnpm error Missing: @unrs/resolver-binding-openharmony-arm64@1.12.2 from lock file\nnpm error Missing: @unrs/resolver-binding-wasm32-wasi@1.12.2 from lock file\nnpm error Missing: @unrs/resolver-binding-win32-arm64-msvc@1.12.2 from lock file\nnpm error Missing: @unrs/resolver-binding-win32-ia32-msvc@1.12.2 from lock file\nnpm error Missing: @unrs/resolver-binding-win32-x64-msvc@1.12.2 from lock file\nnpm error Missing: napi-postinstall@0.3.4 from lock file\nnpm error Missing: @emnapi/core@1.10.0 from lock file\nnpm error Missing: @emnapi/runtime@1.10.0 from lock file\nnpm error Missing: @napi-rs/wasm-runtime@1.1.5 from lock file\nnpm error Missing: @emnapi/wasi-threads@1.2.1 from lock file\nnpm error Missing: @tybys/wasm-util@0.10.2 from lock file\nnpm error Missing: makeerror@1.0.12 from lock file\nnpm error Missing: tmpl@1.0.5 from lock file\nnpm error Missing: isexe@2.0.0 from lock file\nnpm error Missing: imurmurhash@0.1.4 from lock file\nnpm error Missing: ms@2.1.3 from lock file\nnpm error Missing: yallist@3.1.1 from lock file\nnpm error Missing: ms@2.1.3 from lock file\nnpm error Missing: eastasianwidth@0.2.0 from lock file\nnpm error Missing: emoji-regex@9.2.2 from lock file\nnpm error Missing: ansi-regex@6.2.2 from lock file\nnpm error Missing: ansi-styles@6.2.3 from lock file\nnpm error Missing: ms@2.1.3 from lock file\nnpm error Missing: p-try@2.2.0 from lock file\nnpm error Missing: fs.realpath@1.0.0 from lock file\nnpm error Missing: inflight@1.0.6 from lock file\nnpm error Missing: path-is-absolute@1.0.1 from lock file\nnpm error Missing: brace-expansion@1.1.15 from lock file\nnpm error Missing: concat-map@0.0.1 from lock file\nnpm error\nnpm error Clean install a project\nnpm error\nnpm error Usage:\nnpm error npm ci\nnpm error\nnpm error Options:\nnpm error [--install-strategy <hoisted|nested|shallow|linked>] [--legacy-bundling]\nnpm error [--global-style] [--omit <dev|optional|peer> [--omit <dev|optional|peer> ...]]\nnpm error [--include <prod|dev|optional|peer> [--include <prod|dev|optional|peer> ...]]\nnpm error [--strict-peer-deps] [--foreground-scripts] [--ignore-scripts] [--no-audit]\nnpm error [--no-bin-links] [--no-fund] [--dry-run]\nnpm error [-w|--workspace <workspace-name> [-w|--workspace <workspace-name> ...]]\nnpm error [-ws|--workspaces] [--include-workspace-root] [--install-links]\nnpm error\nnpm error aliases: clean-install, ic, install-clean, isntall-clean\nnpm error\nnpm error Run \"npm help ci\" for more info\nnpm error A complete log of this run can be found in: /www-data-home/.npm/_logs/2026-06-11T15_01_44_347Z-debug-0.log. For more details see the logs at https://console.cloud.google.com/cloud-build/builds;region=us-central1/e0de2b07-5a2f-4e34-8fab-3ea067e329b8?project=485923941686."}}
[debug] [2026-06-11T15:02:34.547Z] Got source token undefined for region us-central1
[error] Build failed with status: FAILURE and message: npm error code EUSAGE
npm error
npm error `npm ci` can only install packages when your package.json and package-lock.json or npm-shrinkwrap.json are in sync. Please update your lock file with `npm install` before continuing.
npm error
npm error Missing: jest@30.4.2 from lock file
npm error Missing: @jest/core@30.4.2 from lock file
npm error Missing: @jest/types@30.4.1 from lock file
npm error Missing: import-local@3.2.0 from lock file
npm error Missing: jest-cli@30.4.2 from lock file
npm error Missing: @jest/console@30.4.1 from lock file
npm error Missing: @jest/pattern@30.4.0 from lock file
npm error Missing: @jest/reporters@30.4.1 from lock file
npm error Missing: @jest/test-result@30.4.1 from lock file
npm error Missing: @jest/transform@30.4.1 from lock file
npm error Missing: ansi-escapes@4.3.2 from lock file
npm error Missing: chalk@4.1.2 from lock file
npm error Missing: ci-info@4.4.0 from lock file
npm error Missing: exit-x@0.2.2 from lock file
npm error Missing: fast-json-stable-stringify@2.1.0 from lock file
npm error Missing: graceful-fs@4.2.11 from lock file
npm error Missing: jest-changed-files@30.4.1 from lock file
npm error Missing: jest-config@30.4.2 from lock file
npm error Missing: jest-haste-map@30.4.1 from lock file
npm error Missing: jest-message-util@30.4.1 from lock file
npm error Missing: jest-regex-util@30.4.0 from lock file
npm error Missing: jest-resolve@30.4.1 from lock file
npm error Missing: jest-resolve-dependencies@30.4.2 from lock file
npm error Missing: jest-runner@30.4.2 from lock file
npm error Missing: jest-runtime@30.4.2 from lock file
npm error Missing: jest-snapshot@30.4.1 from lock file
npm error Missing: jest-util@30.4.1 from lock file
npm error Missing: jest-validate@30.4.1 from lock file
npm error Missing: jest-watcher@30.4.1 from lock file
npm error Missing: pretty-format@30.4.1 from lock file
npm error Missing: slash@3.0.0 from lock file
npm error Missing: @bcoe/v8-coverage@0.2.3 from lock file
npm error Missing: @jridgewell/trace-mapping@0.3.31 from lock file
npm error Missing: collect-v8-coverage@1.0.3 from lock file
npm error Missing: glob@10.5.0 from lock file
npm error Missing: istanbul-lib-coverage@3.2.2 from lock file
npm error Missing: istanbul-lib-instrument@6.0.3 from lock file
npm error Missing: istanbul-lib-report@3.0.1 from lock file
npm error Missing: istanbul-lib-source-maps@5.0.6 from lock file
npm error Missing: istanbul-reports@3.2.0 from lock file
npm error Missing: jest-worker@30.4.1 from lock file
npm error Missing: string-length@4.0.2 from lock file
npm error Missing: v8-to-istanbul@9.3.0 from lock file
npm error Missing: @types/istanbul-lib-coverage@2.0.6 from lock file
npm error Missing: @babel/core@7.29.7 from lock file
npm error Missing: babel-plugin-istanbul@7.0.1 from lock file
npm error Missing: convert-source-map@2.0.0 from lock file
npm error Missing: pirates@4.0.7 from lock file
npm error Missing: write-file-atomic@5.0.1 from lock file
npm error Missing: @babel/code-frame@7.29.7 from lock file
npm error Missing: @babel/generator@7.29.7 from lock file
npm error Missing: @babel/helper-compilation-targets@7.29.7 from lock file
npm error Missing: @babel/helper-module-transforms@7.29.7 from lock file
npm error Missing: @babel/helpers@7.29.7 from lock file
npm error Missing: @babel/parser@7.29.7 from lock file
npm error Missing: @babel/template@7.29.7 from lock file
npm error Missing: @babel/traverse@7.29.7 from lock file
npm error Missing: @babel/types@7.29.7 from lock file
npm error Missing: @jridgewell/remapping@2.3.5 from lock file
npm error Missing: debug@4.4.3 from lock file
npm error Missing: gensync@1.0.0-beta.2 from lock file
npm error Missing: json5@2.2.3 from lock file
npm error Missing: semver@6.3.1 from lock file
npm error Missing: @babel/helper-validator-identifier@7.29.7 from lock file
npm error Missing: js-tokens@4.0.0 from lock file
npm error Missing: picocolors@1.1.1 from lock file
npm error Missing: @jridgewell/gen-mapping@0.3.13 from lock file
npm error Missing: jsesc@3.1.0 from lock file
npm error Missing: @babel/compat-data@7.29.7 from lock file
npm error Missing: @babel/helper-validator-option@7.29.7 from lock file
npm error Missing: browserslist@4.28.2 from lock file
npm error Missing: lru-cache@5.1.1 from lock file
npm error Missing: semver@6.3.1 from lock file
npm error Missing: @babel/helper-module-imports@7.29.7 from lock file
npm error Missing: @babel/helper-globals@7.29.7 from lock file
npm error Missing: debug@4.4.3 from lock file
npm error Missing: @babel/helper-string-parser@7.29.7 from lock file
npm error Missing: @jest/schemas@30.4.1 from lock file
npm error Missing: @types/istanbul-reports@3.0.4 from lock file
npm error Missing: @types/yargs@17.0.35 from lock file
npm error Missing: @sinclair/typebox@0.34.49 from lock file
npm error Missing: @jridgewell/sourcemap-codec@1.5.5 from lock file
npm error Missing: @jridgewell/resolve-uri@3.1.2 from lock file
npm error Missing: @types/istanbul-lib-report@3.0.3 from lock file
npm error Missing: @types/yargs-parser@21.0.3 from lock file
npm error Missing: type-fest@0.21.3 from lock file
npm error Missing: @babel/helper-plugin-utils@7.29.7 from lock file
npm error Missing: @istanbuljs/load-nyc-config@1.1.0 from lock file
npm error Missing: @istanbuljs/schema@0.1.6 from lock file
npm error Missing: test-exclude@6.0.0 from lock file
npm error Missing: camelcase@5.3.1 from lock file
npm error Missing: find-up@4.1.0 from lock file
npm error Missing: get-package-type@0.1.0 from lock file
npm error Missing: js-yaml@3.14.2 from lock file
npm error Missing: resolve-from@5.0.0 from lock file
npm error Missing: baseline-browser-mapping@2.10.35 from lock file
npm error Missing: caniuse-lite@1.0.30001799 from lock file
npm error Missing: electron-to-chromium@1.5.371 from lock file
npm error Missing: node-releases@2.0.47 from lock file
npm error Missing: update-browserslist-db@1.2.3 from lock file
npm error Missing: supports-color@7.2.0 from lock file
npm error Missing: locate-path@5.0.0 from lock file
npm error Missing: path-exists@4.0.0 from lock file
npm error Missing: foreground-child@3.3.1 from lock file
npm error Missing: jackspeak@3.4.3 from lock file
npm error Missing: minimatch@9.0.9 from lock file
npm error Missing: minipass@7.1.3 from lock file
npm error Missing: package-json-from-dist@1.0.1 from lock file
npm error Missing: path-scurry@1.11.1 from lock file
npm error Missing: cross-spawn@7.0.6 from lock file
npm error Missing: signal-exit@4.1.0 from lock file
npm error Missing: path-key@3.1.1 from lock file
npm error Missing: shebang-command@2.0.0 from lock file
npm error Missing: which@2.0.2 from lock file
npm error Missing: pkg-dir@4.2.0 from lock file
npm error Missing: resolve-cwd@3.0.0 from lock file
npm error Missing: make-dir@4.0.0 from lock file
npm error Missing: debug@4.4.3 from lock file
npm error Missing: html-escaper@2.0.2 from lock file
npm error Missing: @isaacs/cliui@8.0.2 from lock file
npm error Missing: @pkgjs/parseargs@0.11.0 from lock file
npm error Missing: string-width@5.1.2 from lock file
npm error Missing: string-width-cjs@4.2.3 from lock file
npm error Missing: strip-ansi@7.2.0 from lock file
npm error Missing: strip-ansi-cjs@6.0.1 from lock file
npm error Missing: wrap-ansi@8.1.0 from lock file
npm error Missing: wrap-ansi-cjs@7.0.0 from lock file
npm error Missing: execa@5.1.1 from lock file
npm error Missing: get-stream@6.0.1 from lock file
npm error Missing: human-signals@2.1.0 from lock file
npm error Missing: merge-stream@2.0.0 from lock file
npm error Missing: npm-run-path@4.0.1 from lock file
npm error Missing: onetime@5.1.2 from lock file
npm error Missing: signal-exit@3.0.7 from lock file
npm error Missing: strip-final-newline@2.0.0 from lock file
npm error Missing: @jest/get-type@30.1.0 from lock file
npm error Missing: @jest/test-sequencer@30.4.1 from lock file
npm error Missing: babel-jest@30.4.1 from lock file
npm error Missing: deepmerge@4.3.1 from lock file
npm error Missing: jest-circus@30.4.2 from lock file
npm error Missing: jest-docblock@30.4.0 from lock file
npm error Missing: jest-environment-node@30.4.1 from lock file
npm error Missing: parse-json@5.2.0 from lock file
npm error Missing: strip-json-comments@3.1.1 from lock file
npm error Missing: @types/babel__core@7.20.5 from lock file
npm error Missing: babel-preset-jest@30.4.0 from lock file
npm error Missing: @types/babel__generator@7.27.0 from lock file
npm error Missing: @types/babel__template@7.4.4 from lock file
npm error Missing: @types/babel__traverse@7.28.0 from lock file
npm error Missing: babel-plugin-jest-hoist@30.4.0 from lock file
npm error Missing: babel-preset-current-node-syntax@1.2.0 from lock file
npm error Missing: @babel/plugin-syntax-async-generators@7.8.4 from lock file
npm error Missing: @babel/plugin-syntax-bigint@7.8.3 from lock file
npm error Missing: @babel/plugin-syntax-class-properties@7.12.13 from lock file
npm error Missing: @babel/plugin-syntax-class-static-block@7.14.5 from lock file
npm error Missing: @babel/plugin-syntax-import-attributes@7.29.7 from lock file
npm error Missing: @babel/plugin-syntax-import-meta@7.10.4 from lock file
npm error Missing: @babel/plugin-syntax-json-strings@7.8.3 from lock file
npm error Missing: @babel/plugin-syntax-logical-assignment-operators@7.10.4 from lock file
npm error Missing: @babel/plugin-syntax-nullish-coalescing-operator@7.8.3 from lock file
npm error Missing: @babel/plugin-syntax-numeric-separator@7.10.4 from lock file
npm error Missing: @babel/plugin-syntax-object-rest-spread@7.8.3 from lock file
npm error Missing: @babel/plugin-syntax-optional-catch-binding@7.8.3 from lock file
npm error Missing: @babel/plugin-syntax-optional-chaining@7.8.3 from lock file
npm error Missing: @babel/plugin-syntax-private-property-in-object@7.14.5 from lock file
npm error Missing: @babel/plugin-syntax-top-level-await@7.14.5 from lock file
npm error Missing: @jest/environment@30.4.1 from lock file
npm error Missing: @jest/expect@30.4.1 from lock file
npm error Missing: co@4.6.0 from lock file
npm error Missing: dedent@1.7.2 from lock file
npm error Missing: is-generator-fn@2.1.0 from lock file
npm error Missing: jest-each@30.4.1 from lock file
npm error Missing: jest-matcher-utils@30.4.1 from lock file
npm error Missing: pure-rand@7.0.1 from lock file
npm error Missing: stack-utils@2.0.6 from lock file
npm error Missing: @jest/fake-timers@30.4.1 from lock file
npm error Missing: jest-mock@30.4.1 from lock file
npm error Missing: expect@30.4.1 from lock file
npm error Missing: @sinonjs/fake-timers@15.4.0 from lock file
npm error Missing: @sinonjs/commons@3.0.1 from lock file
npm error Missing: type-detect@4.0.8 from lock file
npm error Missing: @jest/expect-utils@30.4.1 from lock file
npm error Missing: detect-newline@3.1.0 from lock file
npm error Missing: anymatch@3.1.3 from lock file
npm error Missing: fb-watchman@2.0.2 from lock file
npm error Missing: fsevents@2.3.3 from lock file
npm error Missing: picomatch@4.0.4 from lock file
npm error Missing: walker@1.0.8 from lock file
npm error Missing: normalize-path@3.0.0 from lock file
npm error Missing: picomatch@2.3.2 from lock file
npm error Missing: bser@2.1.1 from lock file
npm error Missing: node-int64@0.4.0 from lock file
npm error Missing: jest-diff@30.4.1 from lock file
npm error Missing: @jest/diff-sequences@30.4.0 from lock file
npm error Missing: @types/stack-utils@2.0.3 from lock file
npm error Missing: jest-pnp-resolver@1.2.3 from lock file
npm error Missing: unrs-resolver@1.12.2 from lock file
npm error Missing: emittery@0.13.1 from lock file
npm error Missing: jest-leak-detector@30.4.1 from lock file
npm error Missing: source-map-support@0.5.13 from lock file
npm error Missing: @jest/globals@30.4.1 from lock file
npm error Missing: @jest/source-map@30.0.1 from lock file
npm error Missing: cjs-module-lexer@2.2.0 from lock file
npm error Missing: strip-bom@4.0.0 from lock file
npm error Missing: callsites@3.1.0 from lock file
npm error Missing: @babel/plugin-syntax-jsx@7.29.7 from lock file
npm error Missing: @babel/plugin-syntax-typescript@7.29.7 from lock file
npm error Missing: @jest/snapshot-utils@30.4.1 from lock file
npm error Missing: synckit@0.11.13 from lock file
npm error Missing: natural-compare@1.4.0 from lock file
npm error Missing: camelcase@6.3.0 from lock file
npm error Missing: leven@3.1.0 from lock file
npm error Missing: @ungap/structured-clone@1.3.1 from lock file
npm error Missing: supports-color@8.1.1 from lock file
npm error Missing: argparse@1.0.10 from lock file
npm error Missing: esprima@4.0.1 from lock file
npm error Missing: sprintf-js@1.0.3 from lock file
npm error Missing: p-locate@4.1.0 from lock file
npm error Missing: brace-expansion@2.1.1 from lock file
npm error Missing: balanced-match@1.0.2 from lock file
npm error Missing: mimic-fn@2.1.0 from lock file
npm error Missing: p-limit@2.3.0 from lock file
npm error Missing: error-ex@1.3.4 from lock file
npm error Missing: json-parse-even-better-errors@2.3.1 from lock file
npm error Missing: lines-and-columns@1.2.4 from lock file
npm error Missing: is-arrayish@0.2.1 from lock file
npm error Missing: lru-cache@10.4.3 from lock file
npm error Missing: ansi-styles@5.2.0 from lock file
npm error Missing: react-is-18@18.3.1 from lock file
npm error Missing: react-is-19@19.2.7 from lock file
npm error Missing: shebang-regex@3.0.0 from lock file
npm error Missing: buffer-from@1.1.2 from lock file
npm error Missing: source-map@0.6.1 from lock file
npm error Missing: escape-string-regexp@2.0.0 from lock file
npm error Missing: char-regex@1.0.2 from lock file
npm error Missing: has-flag@4.0.0 from lock file
npm error Missing: @pkgr/core@0.3.6 from lock file
npm error Missing: glob@7.2.3 from lock file
npm error Missing: minimatch@3.1.5 from lock file
npm error Missing: @unrs/resolver-binding-android-arm-eabi@1.12.2 from lock file
npm error Missing: @unrs/resolver-binding-android-arm64@1.12.2 from lock file
npm error Missing: @unrs/resolver-binding-darwin-arm64@1.12.2 from lock file
npm error Missing: @unrs/resolver-binding-darwin-x64@1.12.2 from lock file
npm error Missing: @unrs/resolver-binding-freebsd-x64@1.12.2 from lock file
npm error Missing: @unrs/resolver-binding-linux-arm-gnueabihf@1.12.2 from lock file
npm error Missing: @unrs/resolver-binding-linux-arm-musleabihf@1.12.2 from lock file
npm error Missing: @unrs/resolver-binding-linux-arm64-gnu@1.12.2 from lock file
npm error Missing: @unrs/resolver-binding-linux-arm64-musl@1.12.2 from lock file
npm error Missing: @unrs/resolver-binding-linux-loong64-gnu@1.12.2 from lock file
npm error Missing: @unrs/resolver-binding-linux-loong64-musl@1.12.2 from lock file
npm error Missing: @unrs/resolver-binding-linux-ppc64-gnu@1.12.2 from lock file
npm error Missing: @unrs/resolver-binding-linux-riscv64-gnu@1.12.2 from lock file
npm error Missing: @unrs/resolver-binding-linux-riscv64-musl@1.12.2 from lock file
npm error Missing: @unrs/resolver-binding-linux-s390x-gnu@1.12.2 from lock file
npm error Missing: @unrs/resolver-binding-linux-x64-gnu@1.12.2 from lock file
npm error Missing: @unrs/resolver-binding-linux-x64-musl@1.12.2 from lock file
npm error Missing: @unrs/resolver-binding-openharmony-arm64@1.12.2 from lock file
npm error Missing: @unrs/resolver-binding-wasm32-wasi@1.12.2 from lock file
npm error Missing: @unrs/resolver-binding-win32-arm64-msvc@1.12.2 from lock file
npm error Missing: @unrs/resolver-binding-win32-ia32-msvc@1.12.2 from lock file
npm error Missing: @unrs/resolver-binding-win32-x64-msvc@1.12.2 from lock file
npm error Missing: napi-postinstall@0.3.4 from lock file
npm error Missing: @emnapi/core@1.10.0 from lock file
npm error Missing: @emnapi/runtime@1.10.0 from lock file
npm error Missing: @napi-rs/wasm-runtime@1.1.5 from lock file
npm error Missing: @emnapi/wasi-threads@1.2.1 from lock file
npm error Missing: @tybys/wasm-util@0.10.2 from lock file
npm error Missing: makeerror@1.0.12 from lock file
npm error Missing: tmpl@1.0.5 from lock file
npm error Missing: isexe@2.0.0 from lock file
npm error Missing: imurmurhash@0.1.4 from lock file
npm error Missing: ms@2.1.3 from lock file
npm error Missing: yallist@3.1.1 from lock file
npm error Missing: ms@2.1.3 from lock file
npm error Missing: eastasianwidth@0.2.0 from lock file
npm error Missing: emoji-regex@9.2.2 from lock file
npm error Missing: ansi-regex@6.2.2 from lock file
npm error Missing: ansi-styles@6.2.3 from lock file
npm error Missing: ms@2.1.3 from lock file
npm error Missing: p-try@2.2.0 from lock file
npm error Missing: fs.realpath@1.0.0 from lock file
npm error Missing: inflight@1.0.6 from lock file
npm error Missing: path-is-absolute@1.0.1 from lock file
npm error Missing: brace-expansion@1.1.15 from lock file
npm error Missing: concat-map@0.0.1 from lock file
npm error
npm error Clean install a project
npm error
npm error Usage:
npm error npm ci
npm error
npm error Options:
npm error [--install-strategy <hoisted|nested|shallow|linked>] [--legacy-bundling]
npm error [--global-style] [--omit <dev|optional|peer> [--omit <dev|optional|peer> ...]]
npm error [--include <prod|dev|optional|peer> [--include <prod|dev|optional|peer> ...]]
npm error [--strict-peer-deps] [--foreground-scripts] [--ignore-scripts] [--no-audit]
npm error [--no-bin-links] [--no-fund] [--dry-run]
npm error [-w|--workspace <workspace-name> [-w|--workspace <workspace-name> ...]]
npm error [-ws|--workspaces] [--include-workspace-root] [--install-links]
npm error
npm error aliases: clean-install, ic, install-clean, isntall-clean
npm error
npm error Run "npm help ci" for more info
npm error A complete log of this run can be found in: /www-data-home/.npm/_logs/2026-06-11T15_01_44_347Z-debug-0.log. For more details see the logs at https://console.cloud.google.com/cloud-build/builds;region=us-central1/e0de2b07-5a2f-4e34-8fab-3ea067e329b8?project=485923941686.
[warn] ⚠  functions: Deploys failed. Skipping deletes. 
[debug] [2026-06-11T15:02:34.557Z] Total Function Deployment time: 69247
[debug] [2026-06-11T15:02:34.557Z] 1 Functions Deployed
[debug] [2026-06-11T15:02:34.557Z] 1 Functions Errored
[debug] [2026-06-11T15:02:34.557Z] 0 Function Deployments Aborted
[debug] [2026-06-11T15:02:34.557Z] Average Function Deployment time: 69245
[info] 
[info] Functions deploy had errors with the following functions:
	submit(us-central1)
[debug] [2026-06-11T15:02:34.559Z] Not printing URL for HTTPS function. Typically this means it didn't match a filter or we failed deployment
[debug] [2026-06-11T15:02:34.559Z] Checked if tokens are valid: true, expires at: 1781192335716
[debug] [2026-06-11T15:02:34.559Z] Checked if tokens are valid: true, expires at: 1781192335716
[debug] [2026-06-11T15:02:34.559Z] >>> [apiv2][query] GET https://artifactregistry.googleapis.com/v1/projects/diegomaquillportfolio/locations/us-central1/repositories/gcf-artifacts [none]
[debug] [2026-06-11T15:02:34.856Z] <<< [apiv2][status] GET https://artifactregistry.googleapis.com/v1/projects/diegomaquillportfolio/locations/us-central1/repositories/gcf-artifacts 200
[debug] [2026-06-11T15:02:34.857Z] <<< [apiv2][body] GET https://artifactregistry.googleapis.com/v1/projects/diegomaquillportfolio/locations/us-central1/repositories/gcf-artifacts {"name":"projects/diegomaquillportfolio/locations/us-central1/repositories/gcf-artifacts","format":"DOCKER","description":"This repository is created and used by Cloud Functions for storing function docker images.","labels":{"goog-managed-by":"cloudfunctions"},"createTime":"2026-06-11T01:31:07.769014Z","updateTime":"2026-06-11T01:36:32.898038Z","mode":"STANDARD_REPOSITORY","cleanupPolicies":{"firebase-functions-cleanup":{"id":"firebase-functions-cleanup","action":"DELETE","condition":{"tagState":"ANY","olderThan":"604800s"}}},"vulnerabilityScanningConfig":{"lastEnableTime":"2026-06-11T01:30:59.381338560Z","enablementState":"SCANNING_DISABLED","enablementStateReason":"API containerscanning.googleapis.com is not enabled."},"satisfiesPzi":true,"registryUri":"us-central1-docker.pkg.dev/diegomaquillportfolio/gcf-artifacts"}
[debug] [2026-06-11T15:02:34.857Z] Functions deploy failed.
[debug] [2026-06-11T15:02:34.858Z] {
  "endpoint": {
    "id": "submit",
    "project": "diegomaquillportfolio",
    "region": "us-central1",
    "entryPoint": "submit",
    "platform": "gcfv2",
    "runtime": "nodejs22",
    "httpsTrigger": {},
    "labels": {
      "deployment-tool": "cli-firebase"
    },
    "serviceAccount": null,
    "ingressSettings": null,
    "availableMemoryMb": null,
    "timeoutSeconds": null,
    "maxInstances": null,
    "minInstances": null,
    "concurrency": 80,
    "vpc": null,
    "environmentVariables": {
      "FIREBASE_CONFIG": "{\"projectId\":\"diegomaquillportfolio\",\"storageBucket\":\"diegomaquillportfolio.firebasestorage.app\"}",
      "GCLOUD_PROJECT": "diegomaquillportfolio",
      "EVENTARC_CLOUD_EVENT_SOURCE": "projects/diegomaquillportfolio/locations/us-central1/services/submit"
    },
    "codebase": "default",
    "securityLevel": "SECURE_ALWAYS",
    "cpu": 1,
    "targetedByOnly": false,
    "hash": "5a092bdc74da9205f563c69429c72ed5da63450a"
  },
  "op": "update",
  "original": {
    "name": "FirebaseError",
    "children": [],
    "exit": 1,
    "message": "Build failed with status: FAILURE and message: npm error code EUSAGE\nnpm error\nnpm error `npm ci` can only install packages when your package.json and package-lock.json or npm-shrinkwrap.json are in sync. Please update your lock file with `npm install` before continuing.\nnpm error\nnpm error Missing: jest@30.4.2 from lock file\nnpm error Missing: @jest/core@30.4.2 from lock file\nnpm error Missing: @jest/types@30.4.1 from lock file\nnpm error Missing: import-local@3.2.0 from lock file\nnpm error Missing: jest-cli@30.4.2 from lock file\nnpm error Missing: @jest/console@30.4.1 from lock file\nnpm error Missing: @jest/pattern@30.4.0 from lock file\nnpm error Missing: @jest/reporters@30.4.1 from lock file\nnpm error Missing: @jest/test-result@30.4.1 from lock file\nnpm error Missing: @jest/transform@30.4.1 from lock file\nnpm error Missing: ansi-escapes@4.3.2 from lock file\nnpm error Missing: chalk@4.1.2 from lock file\nnpm error Missing: ci-info@4.4.0 from lock file\nnpm error Missing: exit-x@0.2.2 from lock file\nnpm error Missing: fast-json-stable-stringify@2.1.0 from lock file\nnpm error Missing: graceful-fs@4.2.11 from lock file\nnpm error Missing: jest-changed-files@30.4.1 from lock file\nnpm error Missing: jest-config@30.4.2 from lock file\nnpm error Missing: jest-haste-map@30.4.1 from lock file\nnpm error Missing: jest-message-util@30.4.1 from lock file\nnpm error Missing: jest-regex-util@30.4.0 from lock file\nnpm error Missing: jest-resolve@30.4.1 from lock file\nnpm error Missing: jest-resolve-dependencies@30.4.2 from lock file\nnpm error Missing: jest-runner@30.4.2 from lock file\nnpm error Missing: jest-runtime@30.4.2 from lock file\nnpm error Missing: jest-snapshot@30.4.1 from lock file\nnpm error Missing: jest-util@30.4.1 from lock file\nnpm error Missing: jest-validate@30.4.1 from lock file\nnpm error Missing: jest-watcher@30.4.1 from lock file\nnpm error Missing: pretty-format@30.4.1 from lock file\nnpm error Missing: slash@3.0.0 from lock file\nnpm error Missing: @bcoe/v8-coverage@0.2.3 from lock file\nnpm error Missing: @jridgewell/trace-mapping@0.3.31 from lock file\nnpm error Missing: collect-v8-coverage@1.0.3 from lock file\nnpm error Missing: glob@10.5.0 from lock file\nnpm error Missing: istanbul-lib-coverage@3.2.2 from lock file\nnpm error Missing: istanbul-lib-instrument@6.0.3 from lock file\nnpm error Missing: istanbul-lib-report@3.0.1 from lock file\nnpm error Missing: istanbul-lib-source-maps@5.0.6 from lock file\nnpm error Missing: istanbul-reports@3.2.0 from lock file\nnpm error Missing: jest-worker@30.4.1 from lock file\nnpm error Missing: string-length@4.0.2 from lock file\nnpm error Missing: v8-to-istanbul@9.3.0 from lock file\nnpm error Missing: @types/istanbul-lib-coverage@2.0.6 from lock file\nnpm error Missing: @babel/core@7.29.7 from lock file\nnpm error Missing: babel-plugin-istanbul@7.0.1 from lock file\nnpm error Missing: convert-source-map@2.0.0 from lock file\nnpm error Missing: pirates@4.0.7 from lock file\nnpm error Missing: write-file-atomic@5.0.1 from lock file\nnpm error Missing: @babel/code-frame@7.29.7 from lock file\nnpm error Missing: @babel/generator@7.29.7 from lock file\nnpm error Missing: @babel/helper-compilation-targets@7.29.7 from lock file\nnpm error Missing: @babel/helper-module-transforms@7.29.7 from lock file\nnpm error Missing: @babel/helpers@7.29.7 from lock file\nnpm error Missing: @babel/parser@7.29.7 from lock file\nnpm error Missing: @babel/template@7.29.7 from lock file\nnpm error Missing: @babel/traverse@7.29.7 from lock file\nnpm error Missing: @babel/types@7.29.7 from lock file\nnpm error Missing: @jridgewell/remapping@2.3.5 from lock file\nnpm error Missing: debug@4.4.3 from lock file\nnpm error Missing: gensync@1.0.0-beta.2 from lock file\nnpm error Missing: json5@2.2.3 from lock file\nnpm error Missing: semver@6.3.1 from lock file\nnpm error Missing: @babel/helper-validator-identifier@7.29.7 from lock file\nnpm error Missing: js-tokens@4.0.0 from lock file\nnpm error Missing: picocolors@1.1.1 from lock file\nnpm error Missing: @jridgewell/gen-mapping@0.3.13 from lock file\nnpm error Missing: jsesc@3.1.0 from lock file\nnpm error Missing: @babel/compat-data@7.29.7 from lock file\nnpm error Missing: @babel/helper-validator-option@7.29.7 from lock file\nnpm error Missing: browserslist@4.28.2 from lock file\nnpm error Missing: lru-cache@5.1.1 from lock file\nnpm error Missing: semver@6.3.1 from lock file\nnpm error Missing: @babel/helper-module-imports@7.29.7 from lock file\nnpm error Missing: @babel/helper-globals@7.29.7 from lock file\nnpm error Missing: debug@4.4.3 from lock file\nnpm error Missing: @babel/helper-string-parser@7.29.7 from lock file\nnpm error Missing: @jest/schemas@30.4.1 from lock file\nnpm error Missing: @types/istanbul-reports@3.0.4 from lock file\nnpm error Missing: @types/yargs@17.0.35 from lock file\nnpm error Missing: @sinclair/typebox@0.34.49 from lock file\nnpm error Missing: @jridgewell/sourcemap-codec@1.5.5 from lock file\nnpm error Missing: @jridgewell/resolve-uri@3.1.2 from lock file\nnpm error Missing: @types/istanbul-lib-report@3.0.3 from lock file\nnpm error Missing: @types/yargs-parser@21.0.3 from lock file\nnpm error Missing: type-fest@0.21.3 from lock file\nnpm error Missing: @babel/helper-plugin-utils@7.29.7 from lock file\nnpm error Missing: @istanbuljs/load-nyc-config@1.1.0 from lock file\nnpm error Missing: @istanbuljs/schema@0.1.6 from lock file\nnpm error Missing: test-exclude@6.0.0 from lock file\nnpm error Missing: camelcase@5.3.1 from lock file\nnpm error Missing: find-up@4.1.0 from lock file\nnpm error Missing: get-package-type@0.1.0 from lock file\nnpm error Missing: js-yaml@3.14.2 from lock file\nnpm error Missing: resolve-from@5.0.0 from lock file\nnpm error Missing: baseline-browser-mapping@2.10.35 from lock file\nnpm error Missing: caniuse-lite@1.0.30001799 from lock file\nnpm error Missing: electron-to-chromium@1.5.371 from lock file\nnpm error Missing: node-releases@2.0.47 from lock file\nnpm error Missing: update-browserslist-db@1.2.3 from lock file\nnpm error Missing: supports-color@7.2.0 from lock file\nnpm error Missing: locate-path@5.0.0 from lock file\nnpm error Missing: path-exists@4.0.0 from lock file\nnpm error Missing: foreground-child@3.3.1 from lock file\nnpm error Missing: jackspeak@3.4.3 from lock file\nnpm error Missing: minimatch@9.0.9 from lock file\nnpm error Missing: minipass@7.1.3 from lock file\nnpm error Missing: package-json-from-dist@1.0.1 from lock file\nnpm error Missing: path-scurry@1.11.1 from lock file\nnpm error Missing: cross-spawn@7.0.6 from lock file\nnpm error Missing: signal-exit@4.1.0 from lock file\nnpm error Missing: path-key@3.1.1 from lock file\nnpm error Missing: shebang-command@2.0.0 from lock file\nnpm error Missing: which@2.0.2 from lock file\nnpm error Missing: pkg-dir@4.2.0 from lock file\nnpm error Missing: resolve-cwd@3.0.0 from lock file\nnpm error Missing: make-dir@4.0.0 from lock file\nnpm error Missing: debug@4.4.3 from lock file\nnpm error Missing: html-escaper@2.0.2 from lock file\nnpm error Missing: @isaacs/cliui@8.0.2 from lock file\nnpm error Missing: @pkgjs/parseargs@0.11.0 from lock file\nnpm error Missing: string-width@5.1.2 from lock file\nnpm error Missing: string-width-cjs@4.2.3 from lock file\nnpm error Missing: strip-ansi@7.2.0 from lock file\nnpm error Missing: strip-ansi-cjs@6.0.1 from lock file\nnpm error Missing: wrap-ansi@8.1.0 from lock file\nnpm error Missing: wrap-ansi-cjs@7.0.0 from lock file\nnpm error Missing: execa@5.1.1 from lock file\nnpm error Missing: get-stream@6.0.1 from lock file\nnpm error Missing: human-signals@2.1.0 from lock file\nnpm error Missing: merge-stream@2.0.0 from lock file\nnpm error Missing: npm-run-path@4.0.1 from lock file\nnpm error Missing: onetime@5.1.2 from lock file\nnpm error Missing: signal-exit@3.0.7 from lock file\nnpm error Missing: strip-final-newline@2.0.0 from lock file\nnpm error Missing: @jest/get-type@30.1.0 from lock file\nnpm error Missing: @jest/test-sequencer@30.4.1 from lock file\nnpm error Missing: babel-jest@30.4.1 from lock file\nnpm error Missing: deepmerge@4.3.1 from lock file\nnpm error Missing: jest-circus@30.4.2 from lock file\nnpm error Missing: jest-docblock@30.4.0 from lock file\nnpm error Missing: jest-environment-node@30.4.1 from lock file\nnpm error Missing: parse-json@5.2.0 from lock file\nnpm error Missing: strip-json-comments@3.1.1 from lock file\nnpm error Missing: @types/babel__core@7.20.5 from lock file\nnpm error Missing: babel-preset-jest@30.4.0 from lock file\nnpm error Missing: @types/babel__generator@7.27.0 from lock file\nnpm error Missing: @types/babel__template@7.4.4 from lock file\nnpm error Missing: @types/babel__traverse@7.28.0 from lock file\nnpm error Missing: babel-plugin-jest-hoist@30.4.0 from lock file\nnpm error Missing: babel-preset-current-node-syntax@1.2.0 from lock file\nnpm error Missing: @babel/plugin-syntax-async-generators@7.8.4 from lock file\nnpm error Missing: @babel/plugin-syntax-bigint@7.8.3 from lock file\nnpm error Missing: @babel/plugin-syntax-class-properties@7.12.13 from lock file\nnpm error Missing: @babel/plugin-syntax-class-static-block@7.14.5 from lock file\nnpm error Missing: @babel/plugin-syntax-import-attributes@7.29.7 from lock file\nnpm error Missing: @babel/plugin-syntax-import-meta@7.10.4 from lock file\nnpm error Missing: @babel/plugin-syntax-json-strings@7.8.3 from lock file\nnpm error Missing: @babel/plugin-syntax-logical-assignment-operators@7.10.4 from lock file\nnpm error Missing: @babel/plugin-syntax-nullish-coalescing-operator@7.8.3 from lock file\nnpm error Missing: @babel/plugin-syntax-numeric-separator@7.10.4 from lock file\nnpm error Missing: @babel/plugin-syntax-object-rest-spread@7.8.3 from lock file\nnpm error Missing: @babel/plugin-syntax-optional-catch-binding@7.8.3 from lock file\nnpm error Missing: @babel/plugin-syntax-optional-chaining@7.8.3 from lock file\nnpm error Missing: @babel/plugin-syntax-private-property-in-object@7.14.5 from lock file\nnpm error Missing: @babel/plugin-syntax-top-level-await@7.14.5 from lock file\nnpm error Missing: @jest/environment@30.4.1 from lock file\nnpm error Missing: @jest/expect@30.4.1 from lock file\nnpm error Missing: co@4.6.0 from lock file\nnpm error Missing: dedent@1.7.2 from lock file\nnpm error Missing: is-generator-fn@2.1.0 from lock file\nnpm error Missing: jest-each@30.4.1 from lock file\nnpm error Missing: jest-matcher-utils@30.4.1 from lock file\nnpm error Missing: pure-rand@7.0.1 from lock file\nnpm error Missing: stack-utils@2.0.6 from lock file\nnpm error Missing: @jest/fake-timers@30.4.1 from lock file\nnpm error Missing: jest-mock@30.4.1 from lock file\nnpm error Missing: expect@30.4.1 from lock file\nnpm error Missing: @sinonjs/fake-timers@15.4.0 from lock file\nnpm error Missing: @sinonjs/commons@3.0.1 from lock file\nnpm error Missing: type-detect@4.0.8 from lock file\nnpm error Missing: @jest/expect-utils@30.4.1 from lock file\nnpm error Missing: detect-newline@3.1.0 from lock file\nnpm error Missing: anymatch@3.1.3 from lock file\nnpm error Missing: fb-watchman@2.0.2 from lock file\nnpm error Missing: fsevents@2.3.3 from lock file\nnpm error Missing: picomatch@4.0.4 from lock file\nnpm error Missing: walker@1.0.8 from lock file\nnpm error Missing: normalize-path@3.0.0 from lock file\nnpm error Missing: picomatch@2.3.2 from lock file\nnpm error Missing: bser@2.1.1 from lock file\nnpm error Missing: node-int64@0.4.0 from lock file\nnpm error Missing: jest-diff@30.4.1 from lock file\nnpm error Missing: @jest/diff-sequences@30.4.0 from lock file\nnpm error Missing: @types/stack-utils@2.0.3 from lock file\nnpm error Missing: jest-pnp-resolver@1.2.3 from lock file\nnpm error Missing: unrs-resolver@1.12.2 from lock file\nnpm error Missing: emittery@0.13.1 from lock file\nnpm error Missing: jest-leak-detector@30.4.1 from lock file\nnpm error Missing: source-map-support@0.5.13 from lock file\nnpm error Missing: @jest/globals@30.4.1 from lock file\nnpm error Missing: @jest/source-map@30.0.1 from lock file\nnpm error Missing: cjs-module-lexer@2.2.0 from lock file\nnpm error Missing: strip-bom@4.0.0 from lock file\nnpm error Missing: callsites@3.1.0 from lock file\nnpm error Missing: @babel/plugin-syntax-jsx@7.29.7 from lock file\nnpm error Missing: @babel/plugin-syntax-typescript@7.29.7 from lock file\nnpm error Missing: @jest/snapshot-utils@30.4.1 from lock file\nnpm error Missing: synckit@0.11.13 from lock file\nnpm error Missing: natural-compare@1.4.0 from lock file\nnpm error Missing: camelcase@6.3.0 from lock file\nnpm error Missing: leven@3.1.0 from lock file\nnpm error Missing: @ungap/structured-clone@1.3.1 from lock file\nnpm error Missing: supports-color@8.1.1 from lock file\nnpm error Missing: argparse@1.0.10 from lock file\nnpm error Missing: esprima@4.0.1 from lock file\nnpm error Missing: sprintf-js@1.0.3 from lock file\nnpm error Missing: p-locate@4.1.0 from lock file\nnpm error Missing: brace-expansion@2.1.1 from lock file\nnpm error Missing: balanced-match@1.0.2 from lock file\nnpm error Missing: mimic-fn@2.1.0 from lock file\nnpm error Missing: p-limit@2.3.0 from lock file\nnpm error Missing: error-ex@1.3.4 from lock file\nnpm error Missing: json-parse-even-better-errors@2.3.1 from lock file\nnpm error Missing: lines-and-columns@1.2.4 from lock file\nnpm error Missing: is-arrayish@0.2.1 from lock file\nnpm error Missing: lru-cache@10.4.3 from lock file\nnpm error Missing: ansi-styles@5.2.0 from lock file\nnpm error Missing: react-is-18@18.3.1 from lock file\nnpm error Missing: react-is-19@19.2.7 from lock file\nnpm error Missing: shebang-regex@3.0.0 from lock file\nnpm error Missing: buffer-from@1.1.2 from lock file\nnpm error Missing: source-map@0.6.1 from lock file\nnpm error Missing: escape-string-regexp@2.0.0 from lock file\nnpm error Missing: char-regex@1.0.2 from lock file\nnpm error Missing: has-flag@4.0.0 from lock file\nnpm error Missing: @pkgr/core@0.3.6 from lock file\nnpm error Missing: glob@7.2.3 from lock file\nnpm error Missing: minimatch@3.1.5 from lock file\nnpm error Missing: @unrs/resolver-binding-android-arm-eabi@1.12.2 from lock file\nnpm error Missing: @unrs/resolver-binding-android-arm64@1.12.2 from lock file\nnpm error Missing: @unrs/resolver-binding-darwin-arm64@1.12.2 from lock file\nnpm error Missing: @unrs/resolver-binding-darwin-x64@1.12.2 from lock file\nnpm error Missing: @unrs/resolver-binding-freebsd-x64@1.12.2 from lock file\nnpm error Missing: @unrs/resolver-binding-linux-arm-gnueabihf@1.12.2 from lock file\nnpm error Missing: @unrs/resolver-binding-linux-arm-musleabihf@1.12.2 from lock file\nnpm error Missing: @unrs/resolver-binding-linux-arm64-gnu@1.12.2 from lock file\nnpm error Missing: @unrs/resolver-binding-linux-arm64-musl@1.12.2 from lock file\nnpm error Missing: @unrs/resolver-binding-linux-loong64-gnu@1.12.2 from lock file\nnpm error Missing: @unrs/resolver-binding-linux-loong64-musl@1.12.2 from lock file\nnpm error Missing: @unrs/resolver-binding-linux-ppc64-gnu@1.12.2 from lock file\nnpm error Missing: @unrs/resolver-binding-linux-riscv64-gnu@1.12.2 from lock file\nnpm error Missing: @unrs/resolver-binding-linux-riscv64-musl@1.12.2 from lock file\nnpm error Missing: @unrs/resolver-binding-linux-s390x-gnu@1.12.2 from lock file\nnpm error Missing: @unrs/resolver-binding-linux-x64-gnu@1.12.2 from lock file\nnpm error Missing: @unrs/resolver-binding-linux-x64-musl@1.12.2 from lock file\nnpm error Missing: @unrs/resolver-binding-openharmony-arm64@1.12.2 from lock file\nnpm error Missing: @unrs/resolver-binding-wasm32-wasi@1.12.2 from lock file\nnpm error Missing: @unrs/resolver-binding-win32-arm64-msvc@1.12.2 from lock file\nnpm error Missing: @unrs/resolver-binding-win32-ia32-msvc@1.12.2 from lock file\nnpm error Missing: @unrs/resolver-binding-win32-x64-msvc@1.12.2 from lock file\nnpm error Missing: napi-postinstall@0.3.4 from lock file\nnpm error Missing: @emnapi/core@1.10.0 from lock file\nnpm error Missing: @emnapi/runtime@1.10.0 from lock file\nnpm error Missing: @napi-rs/wasm-runtime@1.1.5 from lock file\nnpm error Missing: @emnapi/wasi-threads@1.2.1 from lock file\nnpm error Missing: @tybys/wasm-util@0.10.2 from lock file\nnpm error Missing: makeerror@1.0.12 from lock file\nnpm error Missing: tmpl@1.0.5 from lock file\nnpm error Missing: isexe@2.0.0 from lock file\nnpm error Missing: imurmurhash@0.1.4 from lock file\nnpm error Missing: ms@2.1.3 from lock file\nnpm error Missing: yallist@3.1.1 from lock file\nnpm error Missing: ms@2.1.3 from lock file\nnpm error Missing: eastasianwidth@0.2.0 from lock file\nnpm error Missing: emoji-regex@9.2.2 from lock file\nnpm error Missing: ansi-regex@6.2.2 from lock file\nnpm error Missing: ansi-styles@6.2.3 from lock file\nnpm error Missing: ms@2.1.3 from lock file\nnpm error Missing: p-try@2.2.0 from lock file\nnpm error Missing: fs.realpath@1.0.0 from lock file\nnpm error Missing: inflight@1.0.6 from lock file\nnpm error Missing: path-is-absolute@1.0.1 from lock file\nnpm error Missing: brace-expansion@1.1.15 from lock file\nnpm error Missing: concat-map@0.0.1 from lock file\nnpm error\nnpm error Clean install a project\nnpm error\nnpm error Usage:\nnpm error npm ci\nnpm error\nnpm error Options:\nnpm error [--install-strategy <hoisted|nested|shallow|linked>] [--legacy-bundling]\nnpm error [--global-style] [--omit <dev|optional|peer> [--omit <dev|optional|peer> ...]]\nnpm error [--include <prod|dev|optional|peer> [--include <prod|dev|optional|peer> ...]]\nnpm error [--strict-peer-deps] [--foreground-scripts] [--ignore-scripts] [--no-audit]\nnpm error [--no-bin-links] [--no-fund] [--dry-run]\nnpm error [-w|--workspace <workspace-name> [-w|--workspace <workspace-name> ...]]\nnpm error [-ws|--workspaces] [--include-workspace-root] [--install-links]\nnpm error\nnpm error aliases: clean-install, ic, install-clean, isntall-clean\nnpm error\nnpm error Run \"npm help ci\" for more info\nnpm error A complete log of this run can be found in: /www-data-home/.npm/_logs/2026-06-11T15_01_44_347Z-debug-0.log. For more details see the logs at https://console.cloud.google.com/cloud-build/builds;region=us-central1/e0de2b07-5a2f-4e34-8fab-3ea067e329b8?project=485923941686.",
    "original": {
      "code": 3,
      "message": "Build failed with status: FAILURE and message: npm error code EUSAGE\nnpm error\nnpm error `npm ci` can only install packages when your package.json and package-lock.json or npm-shrinkwrap.json are in sync. Please update your lock file with `npm install` before continuing.\nnpm error\nnpm error Missing: jest@30.4.2 from lock file\nnpm error Missing: @jest/core@30.4.2 from lock file\nnpm error Missing: @jest/types@30.4.1 from lock file\nnpm error Missing: import-local@3.2.0 from lock file\nnpm error Missing: jest-cli@30.4.2 from lock file\nnpm error Missing: @jest/console@30.4.1 from lock file\nnpm error Missing: @jest/pattern@30.4.0 from lock file\nnpm error Missing: @jest/reporters@30.4.1 from lock file\nnpm error Missing: @jest/test-result@30.4.1 from lock file\nnpm error Missing: @jest/transform@30.4.1 from lock file\nnpm error Missing: ansi-escapes@4.3.2 from lock file\nnpm error Missing: chalk@4.1.2 from lock file\nnpm error Missing: ci-info@4.4.0 from lock file\nnpm error Missing: exit-x@0.2.2 from lock file\nnpm error Missing: fast-json-stable-stringify@2.1.0 from lock file\nnpm error Missing: graceful-fs@4.2.11 from lock file\nnpm error Missing: jest-changed-files@30.4.1 from lock file\nnpm error Missing: jest-config@30.4.2 from lock file\nnpm error Missing: jest-haste-map@30.4.1 from lock file\nnpm error Missing: jest-message-util@30.4.1 from lock file\nnpm error Missing: jest-regex-util@30.4.0 from lock file\nnpm error Missing: jest-resolve@30.4.1 from lock file\nnpm error Missing: jest-resolve-dependencies@30.4.2 from lock file\nnpm error Missing: jest-runner@30.4.2 from lock file\nnpm error Missing: jest-runtime@30.4.2 from lock file\nnpm error Missing: jest-snapshot@30.4.1 from lock file\nnpm error Missing: jest-util@30.4.1 from lock file\nnpm error Missing: jest-validate@30.4.1 from lock file\nnpm error Missing: jest-watcher@30.4.1 from lock file\nnpm error Missing: pretty-format@30.4.1 from lock file\nnpm error Missing: slash@3.0.0 from lock file\nnpm error Missing: @bcoe/v8-coverage@0.2.3 from lock file\nnpm error Missing: @jridgewell/trace-mapping@0.3.31 from lock file\nnpm error Missing: collect-v8-coverage@1.0.3 from lock file\nnpm error Missing: glob@10.5.0 from lock file\nnpm error Missing: istanbul-lib-coverage@3.2.2 from lock file\nnpm error Missing: istanbul-lib-instrument@6.0.3 from lock file\nnpm error Missing: istanbul-lib-report@3.0.1 from lock file\nnpm error Missing: istanbul-lib-source-maps@5.0.6 from lock file\nnpm error Missing: istanbul-reports@3.2.0 from lock file\nnpm error Missing: jest-worker@30.4.1 from lock file\nnpm error Missing: string-length@4.0.2 from lock file\nnpm error Missing: v8-to-istanbul@9.3.0 from lock file\nnpm error Missing: @types/istanbul-lib-coverage@2.0.6 from lock file\nnpm error Missing: @babel/core@7.29.7 from lock file\nnpm error Missing: babel-plugin-istanbul@7.0.1 from lock file\nnpm error Missing: convert-source-map@2.0.0 from lock file\nnpm error Missing: pirates@4.0.7 from lock file\nnpm error Missing: write-file-atomic@5.0.1 from lock file\nnpm error Missing: @babel/code-frame@7.29.7 from lock file\nnpm error Missing: @babel/generator@7.29.7 from lock file\nnpm error Missing: @babel/helper-compilation-targets@7.29.7 from lock file\nnpm error Missing: @babel/helper-module-transforms@7.29.7 from lock file\nnpm error Missing: @babel/helpers@7.29.7 from lock file\nnpm error Missing: @babel/parser@7.29.7 from lock file\nnpm error Missing: @babel/template@7.29.7 from lock file\nnpm error Missing: @babel/traverse@7.29.7 from lock file\nnpm error Missing: @babel/types@7.29.7 from lock file\nnpm error Missing: @jridgewell/remapping@2.3.5 from lock file\nnpm error Missing: debug@4.4.3 from lock file\nnpm error Missing: gensync@1.0.0-beta.2 from lock file\nnpm error Missing: json5@2.2.3 from lock file\nnpm error Missing: semver@6.3.1 from lock file\nnpm error Missing: @babel/helper-validator-identifier@7.29.7 from lock file\nnpm error Missing: js-tokens@4.0.0 from lock file\nnpm error Missing: picocolors@1.1.1 from lock file\nnpm error Missing: @jridgewell/gen-mapping@0.3.13 from lock file\nnpm error Missing: jsesc@3.1.0 from lock file\nnpm error Missing: @babel/compat-data@7.29.7 from lock file\nnpm error Missing: @babel/helper-validator-option@7.29.7 from lock file\nnpm error Missing: browserslist@4.28.2 from lock file\nnpm error Missing: lru-cache@5.1.1 from lock file\nnpm error Missing: semver@6.3.1 from lock file\nnpm error Missing: @babel/helper-module-imports@7.29.7 from lock file\nnpm error Missing: @babel/helper-globals@7.29.7 from lock file\nnpm error Missing: debug@4.4.3 from lock file\nnpm error Missing: @babel/helper-string-parser@7.29.7 from lock file\nnpm error Missing: @jest/schemas@30.4.1 from lock file\nnpm error Missing: @types/istanbul-reports@3.0.4 from lock file\nnpm error Missing: @types/yargs@17.0.35 from lock file\nnpm error Missing: @sinclair/typebox@0.34.49 from lock file\nnpm error Missing: @jridgewell/sourcemap-codec@1.5.5 from lock file\nnpm error Missing: @jridgewell/resolve-uri@3.1.2 from lock file\nnpm error Missing: @types/istanbul-lib-report@3.0.3 from lock file\nnpm error Missing: @types/yargs-parser@21.0.3 from lock file\nnpm error Missing: type-fest@0.21.3 from lock file\nnpm error Missing: @babel/helper-plugin-utils@7.29.7 from lock file\nnpm error Missing: @istanbuljs/load-nyc-config@1.1.0 from lock file\nnpm error Missing: @istanbuljs/schema@0.1.6 from lock file\nnpm error Missing: test-exclude@6.0.0 from lock file\nnpm error Missing: camelcase@5.3.1 from lock file\nnpm error Missing: find-up@4.1.0 from lock file\nnpm error Missing: get-package-type@0.1.0 from lock file\nnpm error Missing: js-yaml@3.14.2 from lock file\nnpm error Missing: resolve-from@5.0.0 from lock file\nnpm error Missing: baseline-browser-mapping@2.10.35 from lock file\nnpm error Missing: caniuse-lite@1.0.30001799 from lock file\nnpm error Missing: electron-to-chromium@1.5.371 from lock file\nnpm error Missing: node-releases@2.0.47 from lock file\nnpm error Missing: update-browserslist-db@1.2.3 from lock file\nnpm error Missing: supports-color@7.2.0 from lock file\nnpm error Missing: locate-path@5.0.0 from lock file\nnpm error Missing: path-exists@4.0.0 from lock file\nnpm error Missing: foreground-child@3.3.1 from lock file\nnpm error Missing: jackspeak@3.4.3 from lock file\nnpm error Missing: minimatch@9.0.9 from lock file\nnpm error Missing: minipass@7.1.3 from lock file\nnpm error Missing: package-json-from-dist@1.0.1 from lock file\nnpm error Missing: path-scurry@1.11.1 from lock file\nnpm error Missing: cross-spawn@7.0.6 from lock file\nnpm error Missing: signal-exit@4.1.0 from lock file\nnpm error Missing: path-key@3.1.1 from lock file\nnpm error Missing: shebang-command@2.0.0 from lock file\nnpm error Missing: which@2.0.2 from lock file\nnpm error Missing: pkg-dir@4.2.0 from lock file\nnpm error Missing: resolve-cwd@3.0.0 from lock file\nnpm error Missing: make-dir@4.0.0 from lock file\nnpm error Missing: debug@4.4.3 from lock file\nnpm error Missing: html-escaper@2.0.2 from lock file\nnpm error Missing: @isaacs/cliui@8.0.2 from lock file\nnpm error Missing: @pkgjs/parseargs@0.11.0 from lock file\nnpm error Missing: string-width@5.1.2 from lock file\nnpm error Missing: string-width-cjs@4.2.3 from lock file\nnpm error Missing: strip-ansi@7.2.0 from lock file\nnpm error Missing: strip-ansi-cjs@6.0.1 from lock file\nnpm error Missing: wrap-ansi@8.1.0 from lock file\nnpm error Missing: wrap-ansi-cjs@7.0.0 from lock file\nnpm error Missing: execa@5.1.1 from lock file\nnpm error Missing: get-stream@6.0.1 from lock file\nnpm error Missing: human-signals@2.1.0 from lock file\nnpm error Missing: merge-stream@2.0.0 from lock file\nnpm error Missing: npm-run-path@4.0.1 from lock file\nnpm error Missing: onetime@5.1.2 from lock file\nnpm error Missing: signal-exit@3.0.7 from lock file\nnpm error Missing: strip-final-newline@2.0.0 from lock file\nnpm error Missing: @jest/get-type@30.1.0 from lock file\nnpm error Missing: @jest/test-sequencer@30.4.1 from lock file\nnpm error Missing: babel-jest@30.4.1 from lock file\nnpm error Missing: deepmerge@4.3.1 from lock file\nnpm error Missing: jest-circus@30.4.2 from lock file\nnpm error Missing: jest-docblock@30.4.0 from lock file\nnpm error Missing: jest-environment-node@30.4.1 from lock file\nnpm error Missing: parse-json@5.2.0 from lock file\nnpm error Missing: strip-json-comments@3.1.1 from lock file\nnpm error Missing: @types/babel__core@7.20.5 from lock file\nnpm error Missing: babel-preset-jest@30.4.0 from lock file\nnpm error Missing: @types/babel__generator@7.27.0 from lock file\nnpm error Missing: @types/babel__template@7.4.4 from lock file\nnpm error Missing: @types/babel__traverse@7.28.0 from lock file\nnpm error Missing: babel-plugin-jest-hoist@30.4.0 from lock file\nnpm error Missing: babel-preset-current-node-syntax@1.2.0 from lock file\nnpm error Missing: @babel/plugin-syntax-async-generators@7.8.4 from lock file\nnpm error Missing: @babel/plugin-syntax-bigint@7.8.3 from lock file\nnpm error Missing: @babel/plugin-syntax-class-properties@7.12.13 from lock file\nnpm error Missing: @babel/plugin-syntax-class-static-block@7.14.5 from lock file\nnpm error Missing: @babel/plugin-syntax-import-attributes@7.29.7 from lock file\nnpm error Missing: @babel/plugin-syntax-import-meta@7.10.4 from lock file\nnpm error Missing: @babel/plugin-syntax-json-strings@7.8.3 from lock file\nnpm error Missing: @babel/plugin-syntax-logical-assignment-operators@7.10.4 from lock file\nnpm error Missing: @babel/plugin-syntax-nullish-coalescing-operator@7.8.3 from lock file\nnpm error Missing: @babel/plugin-syntax-numeric-separator@7.10.4 from lock file\nnpm error Missing: @babel/plugin-syntax-object-rest-spread@7.8.3 from lock file\nnpm error Missing: @babel/plugin-syntax-optional-catch-binding@7.8.3 from lock file\nnpm error Missing: @babel/plugin-syntax-optional-chaining@7.8.3 from lock file\nnpm error Missing: @babel/plugin-syntax-private-property-in-object@7.14.5 from lock file\nnpm error Missing: @babel/plugin-syntax-top-level-await@7.14.5 from lock file\nnpm error Missing: @jest/environment@30.4.1 from lock file\nnpm error Missing: @jest/expect@30.4.1 from lock file\nnpm error Missing: co@4.6.0 from lock file\nnpm error Missing: dedent@1.7.2 from lock file\nnpm error Missing: is-generator-fn@2.1.0 from lock file\nnpm error Missing: jest-each@30.4.1 from lock file\nnpm error Missing: jest-matcher-utils@30.4.1 from lock file\nnpm error Missing: pure-rand@7.0.1 from lock file\nnpm error Missing: stack-utils@2.0.6 from lock file\nnpm error Missing: @jest/fake-timers@30.4.1 from lock file\nnpm error Missing: jest-mock@30.4.1 from lock file\nnpm error Missing: expect@30.4.1 from lock file\nnpm error Missing: @sinonjs/fake-timers@15.4.0 from lock file\nnpm error Missing: @sinonjs/commons@3.0.1 from lock file\nnpm error Missing: type-detect@4.0.8 from lock file\nnpm error Missing: @jest/expect-utils@30.4.1 from lock file\nnpm error Missing: detect-newline@3.1.0 from lock file\nnpm error Missing: anymatch@3.1.3 from lock file\nnpm error Missing: fb-watchman@2.0.2 from lock file\nnpm error Missing: fsevents@2.3.3 from lock file\nnpm error Missing: picomatch@4.0.4 from lock file\nnpm error Missing: walker@1.0.8 from lock file\nnpm error Missing: normalize-path@3.0.0 from lock file\nnpm error Missing: picomatch@2.3.2 from lock file\nnpm error Missing: bser@2.1.1 from lock file\nnpm error Missing: node-int64@0.4.0 from lock file\nnpm error Missing: jest-diff@30.4.1 from lock file\nnpm error Missing: @jest/diff-sequences@30.4.0 from lock file\nnpm error Missing: @types/stack-utils@2.0.3 from lock file\nnpm error Missing: jest-pnp-resolver@1.2.3 from lock file\nnpm error Missing: unrs-resolver@1.12.2 from lock file\nnpm error Missing: emittery@0.13.1 from lock file\nnpm error Missing: jest-leak-detector@30.4.1 from lock file\nnpm error Missing: source-map-support@0.5.13 from lock file\nnpm error Missing: @jest/globals@30.4.1 from lock file\nnpm error Missing: @jest/source-map@30.0.1 from lock file\nnpm error Missing: cjs-module-lexer@2.2.0 from lock file\nnpm error Missing: strip-bom@4.0.0 from lock file\nnpm error Missing: callsites@3.1.0 from lock file\nnpm error Missing: @babel/plugin-syntax-jsx@7.29.7 from lock file\nnpm error Missing: @babel/plugin-syntax-typescript@7.29.7 from lock file\nnpm error Missing: @jest/snapshot-utils@30.4.1 from lock file\nnpm error Missing: synckit@0.11.13 from lock file\nnpm error Missing: natural-compare@1.4.0 from lock file\nnpm error Missing: camelcase@6.3.0 from lock file\nnpm error Missing: leven@3.1.0 from lock file\nnpm error Missing: @ungap/structured-clone@1.3.1 from lock file\nnpm error Missing: supports-color@8.1.1 from lock file\nnpm error Missing: argparse@1.0.10 from lock file\nnpm error Missing: esprima@4.0.1 from lock file\nnpm error Missing: sprintf-js@1.0.3 from lock file\nnpm error Missing: p-locate@4.1.0 from lock file\nnpm error Missing: brace-expansion@2.1.1 from lock file\nnpm error Missing: balanced-match@1.0.2 from lock file\nnpm error Missing: mimic-fn@2.1.0 from lock file\nnpm error Missing: p-limit@2.3.0 from lock file\nnpm error Missing: error-ex@1.3.4 from lock file\nnpm error Missing: json-parse-even-better-errors@2.3.1 from lock file\nnpm error Missing: lines-and-columns@1.2.4 from lock file\nnpm error Missing: is-arrayish@0.2.1 from lock file\nnpm error Missing: lru-cache@10.4.3 from lock file\nnpm error Missing: ansi-styles@5.2.0 from lock file\nnpm error Missing: react-is-18@18.3.1 from lock file\nnpm error Missing: react-is-19@19.2.7 from lock file\nnpm error Missing: shebang-regex@3.0.0 from lock file\nnpm error Missing: buffer-from@1.1.2 from lock file\nnpm error Missing: source-map@0.6.1 from lock file\nnpm error Missing: escape-string-regexp@2.0.0 from lock file\nnpm error Missing: char-regex@1.0.2 from lock file\nnpm error Missing: has-flag@4.0.0 from lock file\nnpm error Missing: @pkgr/core@0.3.6 from lock file\nnpm error Missing: glob@7.2.3 from lock file\nnpm error Missing: minimatch@3.1.5 from lock file\nnpm error Missing: @unrs/resolver-binding-android-arm-eabi@1.12.2 from lock file\nnpm error Missing: @unrs/resolver-binding-android-arm64@1.12.2 from lock file\nnpm error Missing: @unrs/resolver-binding-darwin-arm64@1.12.2 from lock file\nnpm error Missing: @unrs/resolver-binding-darwin-x64@1.12.2 from lock file\nnpm error Missing: @unrs/resolver-binding-freebsd-x64@1.12.2 from lock file\nnpm error Missing: @unrs/resolver-binding-linux-arm-gnueabihf@1.12.2 from lock file\nnpm error Missing: @unrs/resolver-binding-linux-arm-musleabihf@1.12.2 from lock file\nnpm error Missing: @unrs/resolver-binding-linux-arm64-gnu@1.12.2 from lock file\nnpm error Missing: @unrs/resolver-binding-linux-arm64-musl@1.12.2 from lock file\nnpm error Missing: @unrs/resolver-binding-linux-loong64-gnu@1.12.2 from lock file\nnpm error Missing: @unrs/resolver-binding-linux-loong64-musl@1.12.2 from lock file\nnpm error Missing: @unrs/resolver-binding-linux-ppc64-gnu@1.12.2 from lock file\nnpm error Missing: @unrs/resolver-binding-linux-riscv64-gnu@1.12.2 from lock file\nnpm error Missing: @unrs/resolver-binding-linux-riscv64-musl@1.12.2 from lock file\nnpm error Missing: @unrs/resolver-binding-linux-s390x-gnu@1.12.2 from lock file\nnpm error Missing: @unrs/resolver-binding-linux-x64-gnu@1.12.2 from lock file\nnpm error Missing: @unrs/resolver-binding-linux-x64-musl@1.12.2 from lock file\nnpm error Missing: @unrs/resolver-binding-openharmony-arm64@1.12.2 from lock file\nnpm error Missing: @unrs/resolver-binding-wasm32-wasi@1.12.2 from lock file\nnpm error Missing: @unrs/resolver-binding-win32-arm64-msvc@1.12.2 from lock file\nnpm error Missing: @unrs/resolver-binding-win32-ia32-msvc@1.12.2 from lock file\nnpm error Missing: @unrs/resolver-binding-win32-x64-msvc@1.12.2 from lock file\nnpm error Missing: napi-postinstall@0.3.4 from lock file\nnpm error Missing: @emnapi/core@1.10.0 from lock file\nnpm error Missing: @emnapi/runtime@1.10.0 from lock file\nnpm error Missing: @napi-rs/wasm-runtime@1.1.5 from lock file\nnpm error Missing: @emnapi/wasi-threads@1.2.1 from lock file\nnpm error Missing: @tybys/wasm-util@0.10.2 from lock file\nnpm error Missing: makeerror@1.0.12 from lock file\nnpm error Missing: tmpl@1.0.5 from lock file\nnpm error Missing: isexe@2.0.0 from lock file\nnpm error Missing: imurmurhash@0.1.4 from lock file\nnpm error Missing: ms@2.1.3 from lock file\nnpm error Missing: yallist@3.1.1 from lock file\nnpm error Missing: ms@2.1.3 from lock file\nnpm error Missing: eastasianwidth@0.2.0 from lock file\nnpm error Missing: emoji-regex@9.2.2 from lock file\nnpm error Missing: ansi-regex@6.2.2 from lock file\nnpm error Missing: ansi-styles@6.2.3 from lock file\nnpm error Missing: ms@2.1.3 from lock file\nnpm error Missing: p-try@2.2.0 from lock file\nnpm error Missing: fs.realpath@1.0.0 from lock file\nnpm error Missing: inflight@1.0.6 from lock file\nnpm error Missing: path-is-absolute@1.0.1 from lock file\nnpm error Missing: brace-expansion@1.1.15 from lock file\nnpm error Missing: concat-map@0.0.1 from lock file\nnpm error\nnpm error Clean install a project\nnpm error\nnpm error Usage:\nnpm error npm ci\nnpm error\nnpm error Options:\nnpm error [--install-strategy <hoisted|nested|shallow|linked>] [--legacy-bundling]\nnpm error [--global-style] [--omit <dev|optional|peer> [--omit <dev|optional|peer> ...]]\nnpm error [--include <prod|dev|optional|peer> [--include <prod|dev|optional|peer> ...]]\nnpm error [--strict-peer-deps] [--foreground-scripts] [--ignore-scripts] [--no-audit]\nnpm error [--no-bin-links] [--no-fund] [--dry-run]\nnpm error [-w|--workspace <workspace-name> [-w|--workspace <workspace-name> ...]]\nnpm error [-ws|--workspaces] [--include-workspace-root] [--install-links]\nnpm error\nnpm error aliases: clean-install, ic, install-clean, isntall-clean\nnpm error\nnpm error Run \"npm help ci\" for more info\nnpm error A complete log of this run can be found in: /www-data-home/.npm/_logs/2026-06-11T15_01_44_347Z-debug-0.log. For more details see the logs at https://console.cloud.google.com/cloud-build/builds;region=us-central1/e0de2b07-5a2f-4e34-8fab-3ea067e329b8?project=485923941686."
    },
    "status": 3,
    "code": 3
  }
}
[debug] [2026-06-11T15:02:34.863Z] Error: Failed to update function submit in region us-central1
    at /Users/diego/.nvm/versions/node/v22.22.3/lib/node_modules/firebase-tools/lib/deploy/functions/release/fabricator.js:454:19
    at process.processTicksAndRejections (node:internal/process/task_queues:103:5)
    at async Fabricator.updateV2Function (/Users/diego/.nvm/versions/node/v22.22.3/lib/node_modules/firebase-tools/lib/deploy/functions/release/fabricator.js:438:32)
    at async Fabricator.updateEndpoint (/Users/diego/.nvm/versions/node/v22.22.3/lib/node_modules/firebase-tools/lib/deploy/functions/release/fabricator.js:174:13)
    at async Fabricator.wrapOperation (/Users/diego/.nvm/versions/node/v22.22.3/lib/node_modules/firebase-tools/lib/deploy/functions/release/fabricator.js:138:13)
    at async Promise.all (index 0)
    at async Promise.allSettled (index 0)
    at async Fabricator.applyPlan (/Users/diego/.nvm/versions/node/v22.22.3/lib/node_modules/firebase-tools/lib/deploy/functions/release/fabricator.js:77:45)
    at async release (/Users/diego/.nvm/versions/node/v22.22.3/lib/node_modules/firebase-tools/lib/deploy/functions/release/index.js:87:21)
    at async chain (/Users/diego/.nvm/versions/node/v22.22.3/lib/node_modules/firebase-tools/lib/deploy/index.js:45:9)
[error] 
[error] Error: There was an error deploying functions
[debug] [2026-06-11T15:07:00.051Z] ----------------------------------------------------------------------
[debug] [2026-06-11T15:07:00.058Z] Command:       /Users/diego/.nvm/versions/node/v22.22.3/bin/node /Users/diego/.nvm/versions/node/v22.22.3/bin/firebase deploy --only functions
[debug] [2026-06-11T15:07:00.058Z] CLI Version:   15.20.0
[debug] [2026-06-11T15:07:00.058Z] Platform:      darwin
[debug] [2026-06-11T15:07:00.058Z] Node Version:  v22.22.3
[debug] [2026-06-11T15:07:00.059Z] Time:          Thu Jun 11 2026 11:07:00 GMT-0400 (Eastern Daylight Time)
[debug] [2026-06-11T15:07:00.059Z] ----------------------------------------------------------------------
[debug] 
[debug] [2026-06-11T15:07:00.969Z] > command requires scopes: ["email","openid","https://www.googleapis.com/auth/cloudplatformprojects.readonly","https://www.googleapis.com/auth/firebase","https://www.googleapis.com/auth/cloud-platform"]
[debug] [2026-06-11T15:07:00.969Z] > authorizing via signed-in user (maquill.drive81@gmail.com)
[debug] [2026-06-11T15:07:00.969Z] [iam] checking project diegomaquillportfolio for permissions ["cloudfunctions.functions.create","cloudfunctions.functions.delete","cloudfunctions.functions.get","cloudfunctions.functions.list","cloudfunctions.functions.update","cloudfunctions.operations.get","firebase.projects.get"]
[debug] [2026-06-11T15:07:00.970Z] Checked if tokens are valid: true, expires at: 1781192335716
[debug] [2026-06-11T15:07:00.970Z] Checked if tokens are valid: true, expires at: 1781192335716
[debug] [2026-06-11T15:07:00.970Z] >>> [apiv2][query] POST https://cloudresourcemanager.googleapis.com/v1/projects/diegomaquillportfolio:testIamPermissions [none]
[debug] [2026-06-11T15:07:00.970Z] >>> [apiv2][(partial)header] POST https://cloudresourcemanager.googleapis.com/v1/projects/diegomaquillportfolio:testIamPermissions  x-goog-user-project=diegomaquillportfolio
[debug] [2026-06-11T15:07:00.970Z] >>> [apiv2][body] POST https://cloudresourcemanager.googleapis.com/v1/projects/diegomaquillportfolio:testIamPermissions {"permissions":["cloudfunctions.functions.create","cloudfunctions.functions.delete","cloudfunctions.functions.get","cloudfunctions.functions.list","cloudfunctions.functions.update","cloudfunctions.operations.get","firebase.projects.get"]}
[debug] [2026-06-11T15:07:01.449Z] <<< [apiv2][status] POST https://cloudresourcemanager.googleapis.com/v1/projects/diegomaquillportfolio:testIamPermissions 200
[debug] [2026-06-11T15:07:01.449Z] <<< [apiv2][body] POST https://cloudresourcemanager.googleapis.com/v1/projects/diegomaquillportfolio:testIamPermissions {"permissions":["cloudfunctions.functions.create","cloudfunctions.functions.delete","cloudfunctions.functions.get","cloudfunctions.functions.list","cloudfunctions.functions.update","cloudfunctions.operations.get","firebase.projects.get"]}
[debug] [2026-06-11T15:07:01.450Z] Checked if tokens are valid: true, expires at: 1781192335716
[debug] [2026-06-11T15:07:01.450Z] Checked if tokens are valid: true, expires at: 1781192335716
[debug] [2026-06-11T15:07:01.450Z] >>> [apiv2][query] POST https://iam.googleapis.com/v1/projects/diegomaquillportfolio/serviceAccounts/diegomaquillportfolio@appspot.gserviceaccount.com:testIamPermissions [none]
[debug] [2026-06-11T15:07:01.450Z] >>> [apiv2][body] POST https://iam.googleapis.com/v1/projects/diegomaquillportfolio/serviceAccounts/diegomaquillportfolio@appspot.gserviceaccount.com:testIamPermissions {"permissions":["iam.serviceAccounts.actAs"]}
[debug] [2026-06-11T15:07:01.732Z] <<< [apiv2][status] POST https://iam.googleapis.com/v1/projects/diegomaquillportfolio/serviceAccounts/diegomaquillportfolio@appspot.gserviceaccount.com:testIamPermissions 200
[debug] [2026-06-11T15:07:01.733Z] <<< [apiv2][body] POST https://iam.googleapis.com/v1/projects/diegomaquillportfolio/serviceAccounts/diegomaquillportfolio@appspot.gserviceaccount.com:testIamPermissions {"permissions":["iam.serviceAccounts.actAs"]}
[info] 
[info] === Deploying to 'diegomaquillportfolio'...
[info] 
[info] i  deploying functions 
[info] ✔  functions: Finished running predeploy script. 
[debug] [2026-06-11T15:07:01.738Z] Checked if tokens are valid: true, expires at: 1781192335716
[debug] [2026-06-11T15:07:01.739Z] Checked if tokens are valid: true, expires at: 1781192335716
[debug] [2026-06-11T15:07:01.739Z] >>> [apiv2][query] GET https://cloudresourcemanager.googleapis.com/v1/projects/diegomaquillportfolio [none]
[debug] [2026-06-11T15:07:01.888Z] <<< [apiv2][status] GET https://cloudresourcemanager.googleapis.com/v1/projects/diegomaquillportfolio 200
[debug] [2026-06-11T15:07:01.888Z] <<< [apiv2][body] GET https://cloudresourcemanager.googleapis.com/v1/projects/diegomaquillportfolio {"projectNumber":"485923941686","projectId":"diegomaquillportfolio","lifecycleState":"ACTIVE","name":"diegomaquillportfolio","labels":{"firebase":"enabled","firebase-core":"disabled"},"createTime":"2025-04-01T01:04:56.312005Z"}
[info] i  functions: preparing codebase default for deployment 
[info] i  functions: ensuring required API cloudfunctions.googleapis.com is enabled... 
[info] i  functions: ensuring required API cloudbuild.googleapis.com is enabled... 
[info] i  artifactregistry: ensuring required API artifactregistry.googleapis.com is enabled... 
[debug] [2026-06-11T15:07:01.892Z] Checked if tokens are valid: true, expires at: 1781192335716
[debug] [2026-06-11T15:07:01.892Z] Checked if tokens are valid: true, expires at: 1781192335716
[debug] [2026-06-11T15:07:01.892Z] >>> [apiv2][query] GET https://firebase.googleapis.com/v1beta1/projects/diegomaquillportfolio/adminSdkConfig [none]
[debug] [2026-06-11T15:07:02.260Z] <<< [apiv2][status] GET https://firebase.googleapis.com/v1beta1/projects/diegomaquillportfolio/adminSdkConfig 200
[debug] [2026-06-11T15:07:02.260Z] <<< [apiv2][body] GET https://firebase.googleapis.com/v1beta1/projects/diegomaquillportfolio/adminSdkConfig {"projectId":"diegomaquillportfolio","storageBucket":"diegomaquillportfolio.firebasestorage.app"}
[debug] [2026-06-11T15:07:02.263Z] Validating nodejs source
[warn] ⚠  functions: package.json indicates an outdated version of firebase-functions. Please upgrade using npm install --save firebase-functions@latest in your functions directory. 
[warn] ⚠  functions: Please note that there will be breaking changes when you upgrade. 
[debug] [2026-06-11T15:07:02.863Z] > [functions] package.json contents: {
  "name": "functions",
  "description": "Cloud Functions for Firebase",
  "scripts": {
    "serve": "firebase emulators:start --only functions",
    "shell": "firebase functions:shell",
    "start": "npm run shell",
    "deploy": "firebase deploy --only functions",
    "logs": "firebase functions:log",
    "lint": "eslint"
  },
  "engines": {
    "node": "22"
  },
  "main": "index.js",
  "dependencies": {
    "cors": "^2.8.6",
    "firebase-admin": "^13.0.0",
    "firebase-functions": "^6.0.0",
    "nodemailer": "^8.0.10"
  },
  "devDependencies": {
    "firebase-functions-test": "^3.5.0"
  },
  "private": true
}
[debug] [2026-06-11T15:07:02.863Z] Building nodejs source
[info] i  functions: Loading and analyzing source code for codebase default to determine what to deploy 
[debug] [2026-06-11T15:07:02.863Z] Could not find functions.yaml. Must use http discovery
[debug] [2026-06-11T15:07:02.869Z] Found firebase-functions binary at '/Users/diego/AllDevStacks/NodeJS/diego-portfolio-multiple-root-layout-nextjs/functions/node_modules/.bin/firebase-functions'
[info] Serving at port 8941

[debug] [2026-06-11T15:07:03.228Z] Got response from /__/functions.yaml {"endpoints":{"submit":{"availableMemoryMb":null,"timeoutSeconds":null,"minInstances":null,"maxInstances":null,"ingressSettings":null,"concurrency":null,"serviceAccountEmail":null,"vpc":null,"platform":"gcfv2","labels":{},"httpsTrigger":{},"entryPoint":"submit"}},"specVersion":"v1alpha1","requiredAPIs":[],"extensions":{}}
[debug] [2026-06-11T15:07:07.256Z] Checked if tokens are valid: true, expires at: 1781192335716
[debug] [2026-06-11T15:07:07.257Z] Checked if tokens are valid: true, expires at: 1781192335716
[debug] [2026-06-11T15:07:07.257Z] >>> [apiv2][query] GET https://cloudfunctions.googleapis.com/v1/projects/diegomaquillportfolio/locations/-/functions [none]
[debug] [2026-06-11T15:07:07.845Z] <<< [apiv2][status] GET https://cloudfunctions.googleapis.com/v1/projects/diegomaquillportfolio/locations/-/functions 200
[debug] [2026-06-11T15:07:07.846Z] <<< [apiv2][body] GET https://cloudfunctions.googleapis.com/v1/projects/diegomaquillportfolio/locations/-/functions {}
[debug] [2026-06-11T15:07:07.846Z] Checked if tokens are valid: true, expires at: 1781192335716
[debug] [2026-06-11T15:07:07.846Z] Checked if tokens are valid: true, expires at: 1781192335716
[debug] [2026-06-11T15:07:07.847Z] >>> [apiv2][query] GET https://cloudfunctions.googleapis.com/v2/projects/diegomaquillportfolio/locations/-/functions filter=environment%3D%22GEN_2%22
[debug] [2026-06-11T15:07:08.266Z] <<< [apiv2][status] GET https://cloudfunctions.googleapis.com/v2/projects/diegomaquillportfolio/locations/-/functions 200
[debug] [2026-06-11T15:07:08.267Z] <<< [apiv2][body] GET https://cloudfunctions.googleapis.com/v2/projects/diegomaquillportfolio/locations/-/functions {"functions":[{"name":"projects/diegomaquillportfolio/locations/us-central1/functions/submit","buildConfig":{"build":"projects/485923941686/locations/us-central1/builds/b4effe31-e28a-47c1-bf6b-f6d04fe0bcb5","runtime":"nodejs24","entryPoint":"submit","source":{"storageSource":{"bucket":"gcf-v2-sources-485923941686-us-central1","object":"submit/function-source.zip","generation":"1781141456941646"}},"environmentVariables":{"GOOGLE_NODE_RUN_SCRIPTS":""},"dockerRepository":"projects/diegomaquillportfolio/locations/us-central1/repositories/gcf-artifacts","sourceProvenance":{"resolvedStorageSource":{"bucket":"gcf-v2-sources-485923941686-us-central1","object":"submit/function-source.zip","generation":"1781141456941646"}},"dockerRegistry":"ARTIFACT_REGISTRY","serviceAccount":"projects/diegomaquillportfolio/serviceAccounts/485923941686-compute@developer.gserviceaccount.com","automaticUpdatePolicy":{}},"state":"UNKNOWN","updateTime":"2026-06-11T15:02:24.677011170Z","labels":{"firebase-functions-hash":"5a092bdc74da9205f563c69429c72ed5da63450a","deployment-tool":"cli-firebase"},"stateMessages":[{"severity":"ERROR","type":"CloudRunServiceNotFound","message":"Cloud Run service projects/diegomaquillportfolio/locations/us-central1/services/submit for the function was not found. The function will not work correctly. Please redeploy."}],"environment":"GEN_2","url":"https://us-central1-diegomaquillportfolio.cloudfunctions.net/submit","createTime":"2026-06-11T01:30:59.161542168Z","satisfiesPzi":true}]}
[info] i  extensions: ensuring required API firebaseextensions.googleapis.com is enabled... 
[debug] [2026-06-11T15:07:08.270Z] > command requires scopes: ["email","openid","https://www.googleapis.com/auth/cloudplatformprojects.readonly","https://www.googleapis.com/auth/firebase","https://www.googleapis.com/auth/cloud-platform"]
[debug] [2026-06-11T15:07:08.270Z] > authorizing via signed-in user (maquill.drive81@gmail.com)
[debug] [2026-06-11T15:07:08.270Z] [iam] checking project diegomaquillportfolio for permissions ["firebase.projects.get","firebaseextensions.instances.list"]
[debug] [2026-06-11T15:07:08.270Z] Checked if tokens are valid: true, expires at: 1781192335716
[debug] [2026-06-11T15:07:08.270Z] Checked if tokens are valid: true, expires at: 1781192335716
[debug] [2026-06-11T15:07:08.270Z] >>> [apiv2][query] POST https://cloudresourcemanager.googleapis.com/v1/projects/diegomaquillportfolio:testIamPermissions [none]
[debug] [2026-06-11T15:07:08.270Z] >>> [apiv2][(partial)header] POST https://cloudresourcemanager.googleapis.com/v1/projects/diegomaquillportfolio:testIamPermissions  x-goog-user-project=diegomaquillportfolio
[debug] [2026-06-11T15:07:08.271Z] >>> [apiv2][body] POST https://cloudresourcemanager.googleapis.com/v1/projects/diegomaquillportfolio:testIamPermissions {"permissions":["firebase.projects.get","firebaseextensions.instances.list"]}
[debug] [2026-06-11T15:07:08.468Z] <<< [apiv2][status] POST https://cloudresourcemanager.googleapis.com/v1/projects/diegomaquillportfolio:testIamPermissions 200
[debug] [2026-06-11T15:07:08.469Z] <<< [apiv2][body] POST https://cloudresourcemanager.googleapis.com/v1/projects/diegomaquillportfolio:testIamPermissions {"permissions":["firebase.projects.get","firebaseextensions.instances.list"]}
[debug] [2026-06-11T15:07:08.470Z] Checked if tokens are valid: true, expires at: 1781192335716
[debug] [2026-06-11T15:07:08.470Z] Checked if tokens are valid: true, expires at: 1781192335716
[debug] [2026-06-11T15:07:08.470Z] >>> [apiv2][query] GET https://firebaseextensions.googleapis.com/v1beta/projects/diegomaquillportfolio/instances pageSize=100&pageToken=
[debug] [2026-06-11T15:07:08.755Z] <<< [apiv2][status] GET https://firebaseextensions.googleapis.com/v1beta/projects/diegomaquillportfolio/instances 200
[debug] [2026-06-11T15:07:08.755Z] <<< [apiv2][body] GET https://firebaseextensions.googleapis.com/v1beta/projects/diegomaquillportfolio/instances {}
[info] i  functions: preparing functions directory for uploading... 
[info] i  functions: packaged /Users/diego/AllDevStacks/NodeJS/diego-portfolio-multiple-root-layout-nextjs/functions (33.26 KB) for uploading 
[info] i  functions: ensuring required API run.googleapis.com is enabled... 
[info] i  functions: ensuring required API eventarc.googleapis.com is enabled... 
[info] i  functions: ensuring required API pubsub.googleapis.com is enabled... 
[info] i  functions: ensuring required API storage.googleapis.com is enabled... 
[info] i  functions: generating the service identity for pubsub.googleapis.com... 
[debug] [2026-06-11T15:07:08.791Z] Checked if tokens are valid: true, expires at: 1781192335716
[debug] [2026-06-11T15:07:08.791Z] Checked if tokens are valid: true, expires at: 1781192335716
[info] i  functions: generating the service identity for eventarc.googleapis.com... 
[debug] [2026-06-11T15:07:08.791Z] Checked if tokens are valid: true, expires at: 1781192335716
[debug] [2026-06-11T15:07:08.791Z] Checked if tokens are valid: true, expires at: 1781192335716
[debug] [2026-06-11T15:07:08.791Z] >>> [apiv2][query] POST https://serviceusage.googleapis.com/v1beta1/projects/485923941686/services/pubsub.googleapis.com:generateServiceIdentity [none]
[debug] [2026-06-11T15:07:08.791Z] >>> [apiv2][(partial)header] POST https://serviceusage.googleapis.com/v1beta1/projects/485923941686/services/pubsub.googleapis.com:generateServiceIdentity  x-goog-user-project=485923941686
[debug] [2026-06-11T15:07:08.791Z] >>> [apiv2][body] POST https://serviceusage.googleapis.com/v1beta1/projects/485923941686/services/pubsub.googleapis.com:generateServiceIdentity {}
[debug] [2026-06-11T15:07:08.792Z] >>> [apiv2][query] POST https://serviceusage.googleapis.com/v1beta1/projects/485923941686/services/eventarc.googleapis.com:generateServiceIdentity [none]
[debug] [2026-06-11T15:07:08.792Z] >>> [apiv2][(partial)header] POST https://serviceusage.googleapis.com/v1beta1/projects/485923941686/services/eventarc.googleapis.com:generateServiceIdentity  x-goog-user-project=485923941686
[debug] [2026-06-11T15:07:08.792Z] >>> [apiv2][body] POST https://serviceusage.googleapis.com/v1beta1/projects/485923941686/services/eventarc.googleapis.com:generateServiceIdentity {}
[debug] [2026-06-11T15:07:09.227Z] <<< [apiv2][status] POST https://serviceusage.googleapis.com/v1beta1/projects/485923941686/services/eventarc.googleapis.com:generateServiceIdentity 200
[debug] [2026-06-11T15:07:09.227Z] <<< [apiv2][body] POST https://serviceusage.googleapis.com/v1beta1/projects/485923941686/services/eventarc.googleapis.com:generateServiceIdentity {"name":"operations/finished.DONE_OPERATION","done":true,"response":{"@type":"type.googleapis.com/google.api.serviceusage.v1beta1.ServiceIdentity","email":"service-485923941686@gcp-sa-eventarc.iam.gserviceaccount.com","uniqueId":"113799572099820686364"}}
[debug] [2026-06-11T15:07:09.227Z] <<< [apiv2][status] POST https://serviceusage.googleapis.com/v1beta1/projects/485923941686/services/pubsub.googleapis.com:generateServiceIdentity 200
[debug] [2026-06-11T15:07:09.227Z] <<< [apiv2][body] POST https://serviceusage.googleapis.com/v1beta1/projects/485923941686/services/pubsub.googleapis.com:generateServiceIdentity {"name":"operations/finished.DONE_OPERATION","done":true,"response":{"@type":"type.googleapis.com/google.api.serviceusage.v1beta1.ServiceIdentity","email":"service-485923941686@gcp-sa-pubsub.iam.gserviceaccount.com","uniqueId":"103968552843998001205"}}
[debug] [2026-06-11T15:07:09.231Z] Checked if tokens are valid: true, expires at: 1781192335716
[debug] [2026-06-11T15:07:09.231Z] Checked if tokens are valid: true, expires at: 1781192335716
[debug] [2026-06-11T15:07:09.231Z] >>> [apiv2][query] GET https://cloudresourcemanager.googleapis.com/v1/projects/diegomaquillportfolio [none]
[debug] [2026-06-11T15:07:09.369Z] <<< [apiv2][status] GET https://cloudresourcemanager.googleapis.com/v1/projects/diegomaquillportfolio 200
[debug] [2026-06-11T15:07:09.370Z] <<< [apiv2][body] GET https://cloudresourcemanager.googleapis.com/v1/projects/diegomaquillportfolio {"projectNumber":"485923941686","projectId":"diegomaquillportfolio","lifecycleState":"ACTIVE","name":"diegomaquillportfolio","labels":{"firebase":"enabled","firebase-core":"disabled"},"createTime":"2025-04-01T01:04:56.312005Z"}
[debug] [2026-06-11T15:07:09.370Z] Checked if tokens are valid: true, expires at: 1781192335716
[debug] [2026-06-11T15:07:09.370Z] Checked if tokens are valid: true, expires at: 1781192335716
[debug] [2026-06-11T15:07:09.371Z] >>> [apiv2][query] GET https://compute.googleapis.com/compute/v1/projects/485923941686 [none]
[debug] [2026-06-11T15:07:09.567Z] <<< [apiv2][status] GET https://compute.googleapis.com/compute/v1/projects/485923941686 403
[debug] [2026-06-11T15:07:09.567Z] <<< [apiv2][body] GET https://compute.googleapis.com/compute/v1/projects/485923941686 {"error":{"code":403,"message":"Compute Engine API has not been used in project 485923941686 before or it is disabled. Enable it by visiting https://console.developers.google.com/apis/api/compute.googleapis.com/overview?project=485923941686 then retry. If you enabled this API recently, wait a few minutes for the action to propagate to our systems and retry.","errors":[{"message":"Compute Engine API has not been used in project 485923941686 before or it is disabled. Enable it by visiting https://console.developers.google.com/apis/api/compute.googleapis.com/overview?project=485923941686 then retry. If you enabled this API recently, wait a few minutes for the action to propagate to our systems and retry.","domain":"usageLimits","reason":"accessNotConfigured","extendedHelp":"https://console.developers.google.com"}],"status":"PERMISSION_DENIED","details":[{"@type":"type.googleapis.com/google.rpc.ErrorInfo","reason":"SERVICE_DISABLED","domain":"googleapis.com","metadata":{"consumer":"projects/485923941686","serviceTitle":"Compute Engine API","containerInfo":"485923941686","activationUrl":"https://console.developers.google.com/apis/api/compute.googleapis.com/overview?project=485923941686","service":"compute.googleapis.com"}},{"@type":"type.googleapis.com/google.rpc.LocalizedMessage","locale":"en-US","message":"Compute Engine API has not been used in project 485923941686 before or it is disabled. Enable it by visiting https://console.developers.google.com/apis/api/compute.googleapis.com/overview?project=485923941686 then retry. If you enabled this API recently, wait a few minutes for the action to propagate to our systems and retry."},{"@type":"type.googleapis.com/google.rpc.Help","links":[{"description":"Google developers console API activation","url":"https://console.developers.google.com/apis/api/compute.googleapis.com/overview?project=485923941686"}]}]}}
[debug] [2026-06-11T15:07:09.568Z] unable to look up default compute service account. Falling back to 485923941686-compute@developer.gserviceaccount.com. Error: {"name":"FirebaseError","children":[],"context":{"body":{"error":{"code":403,"message":"Compute Engine API has not been used in project 485923941686 before or it is disabled. Enable it by visiting https://console.developers.google.com/apis/api/compute.googleapis.com/overview?project=485923941686 then retry. If you enabled this API recently, wait a few minutes for the action to propagate to our systems and retry.","errors":[{"message":"Compute Engine API has not been used in project 485923941686 before or it is disabled. Enable it by visiting https://console.developers.google.com/apis/api/compute.googleapis.com/overview?project=485923941686 then retry. If you enabled this API recently, wait a few minutes for the action to propagate to our systems and retry.","domain":"usageLimits","reason":"accessNotConfigured","extendedHelp":"https://console.developers.google.com"}],"status":"PERMISSION_DENIED","details":[{"@type":"type.googleapis.com/google.rpc.ErrorInfo","reason":"SERVICE_DISABLED","domain":"googleapis.com","metadata":{"consumer":"projects/485923941686","serviceTitle":"Compute Engine API","containerInfo":"485923941686","activationUrl":"https://console.developers.google.com/apis/api/compute.googleapis.com/overview?project=485923941686","service":"compute.googleapis.com"}},{"@type":"type.googleapis.com/google.rpc.LocalizedMessage","locale":"en-US","message":"Compute Engine API has not been used in project 485923941686 before or it is disabled. Enable it by visiting https://console.developers.google.com/apis/api/compute.googleapis.com/overview?project=485923941686 then retry. If you enabled this API recently, wait a few minutes for the action to propagate to our systems and retry."},{"@type":"type.googleapis.com/google.rpc.Help","links":[{"description":"Google developers console API activation","url":"https://console.developers.google.com/apis/api/compute.googleapis.com/overview?project=485923941686"}]}]}},"response":{"statusCode":403}},"exit":1,"message":"Request to https://compute.googleapis.com/compute/v1/projects/485923941686 had HTTP Error: 403, Compute Engine API has not been used in project 485923941686 before or it is disabled. Enable it by visiting https://console.developers.google.com/apis/api/compute.googleapis.com/overview?project=485923941686 then retry. If you enabled this API recently, wait a few minutes for the action to propagate to our systems and retry.","status":403}
[debug] [2026-06-11T15:07:09.569Z] Checked if tokens are valid: true, expires at: 1781192335716
[debug] [2026-06-11T15:07:09.569Z] Checked if tokens are valid: true, expires at: 1781192335716
[debug] [2026-06-11T15:07:09.569Z] >>> [apiv2][query] GET https://compute.googleapis.com/compute/v1/projects/485923941686 [none]
[debug] [2026-06-11T15:07:09.652Z] <<< [apiv2][status] GET https://compute.googleapis.com/compute/v1/projects/485923941686 403
[debug] [2026-06-11T15:07:09.652Z] <<< [apiv2][body] GET https://compute.googleapis.com/compute/v1/projects/485923941686 {"error":{"code":403,"message":"Compute Engine API has not been used in project 485923941686 before or it is disabled. Enable it by visiting https://console.developers.google.com/apis/api/compute.googleapis.com/overview?project=485923941686 then retry. If you enabled this API recently, wait a few minutes for the action to propagate to our systems and retry.","errors":[{"message":"Compute Engine API has not been used in project 485923941686 before or it is disabled. Enable it by visiting https://console.developers.google.com/apis/api/compute.googleapis.com/overview?project=485923941686 then retry. If you enabled this API recently, wait a few minutes for the action to propagate to our systems and retry.","domain":"usageLimits","reason":"accessNotConfigured","extendedHelp":"https://console.developers.google.com"}],"status":"PERMISSION_DENIED","details":[{"@type":"type.googleapis.com/google.rpc.ErrorInfo","reason":"SERVICE_DISABLED","domain":"googleapis.com","metadata":{"serviceTitle":"Compute Engine API","containerInfo":"485923941686","consumer":"projects/485923941686","activationUrl":"https://console.developers.google.com/apis/api/compute.googleapis.com/overview?project=485923941686","service":"compute.googleapis.com"}},{"@type":"type.googleapis.com/google.rpc.LocalizedMessage","locale":"en-US","message":"Compute Engine API has not been used in project 485923941686 before or it is disabled. Enable it by visiting https://console.developers.google.com/apis/api/compute.googleapis.com/overview?project=485923941686 then retry. If you enabled this API recently, wait a few minutes for the action to propagate to our systems and retry."},{"@type":"type.googleapis.com/google.rpc.Help","links":[{"description":"Google developers console API activation","url":"https://console.developers.google.com/apis/api/compute.googleapis.com/overview?project=485923941686"}]}]}}
[debug] [2026-06-11T15:07:09.653Z] unable to look up default compute service account. Falling back to 485923941686-compute@developer.gserviceaccount.com. Error: {"name":"FirebaseError","children":[],"context":{"body":{"error":{"code":403,"message":"Compute Engine API has not been used in project 485923941686 before or it is disabled. Enable it by visiting https://console.developers.google.com/apis/api/compute.googleapis.com/overview?project=485923941686 then retry. If you enabled this API recently, wait a few minutes for the action to propagate to our systems and retry.","errors":[{"message":"Compute Engine API has not been used in project 485923941686 before or it is disabled. Enable it by visiting https://console.developers.google.com/apis/api/compute.googleapis.com/overview?project=485923941686 then retry. If you enabled this API recently, wait a few minutes for the action to propagate to our systems and retry.","domain":"usageLimits","reason":"accessNotConfigured","extendedHelp":"https://console.developers.google.com"}],"status":"PERMISSION_DENIED","details":[{"@type":"type.googleapis.com/google.rpc.ErrorInfo","reason":"SERVICE_DISABLED","domain":"googleapis.com","metadata":{"serviceTitle":"Compute Engine API","containerInfo":"485923941686","consumer":"projects/485923941686","activationUrl":"https://console.developers.google.com/apis/api/compute.googleapis.com/overview?project=485923941686","service":"compute.googleapis.com"}},{"@type":"type.googleapis.com/google.rpc.LocalizedMessage","locale":"en-US","message":"Compute Engine API has not been used in project 485923941686 before or it is disabled. Enable it by visiting https://console.developers.google.com/apis/api/compute.googleapis.com/overview?project=485923941686 then retry. If you enabled this API recently, wait a few minutes for the action to propagate to our systems and retry."},{"@type":"type.googleapis.com/google.rpc.Help","links":[{"description":"Google developers console API activation","url":"https://console.developers.google.com/apis/api/compute.googleapis.com/overview?project=485923941686"}]}]}},"response":{"statusCode":403}},"exit":1,"message":"Request to https://compute.googleapis.com/compute/v1/projects/485923941686 had HTTP Error: 403, Compute Engine API has not been used in project 485923941686 before or it is disabled. Enable it by visiting https://console.developers.google.com/apis/api/compute.googleapis.com/overview?project=485923941686 then retry. If you enabled this API recently, wait a few minutes for the action to propagate to our systems and retry.","status":403}
[debug] [2026-06-11T15:07:09.654Z] Checked if tokens are valid: true, expires at: 1781192335716
[debug] [2026-06-11T15:07:09.654Z] Checked if tokens are valid: true, expires at: 1781192335716
[debug] [2026-06-11T15:07:09.654Z] >>> [apiv2][query] GET https://cloudbilling.googleapis.com/v1/projects/diegomaquillportfolio/billingInfo [none]
[debug] [2026-06-11T15:07:09.928Z] <<< [apiv2][status] GET https://cloudbilling.googleapis.com/v1/projects/diegomaquillportfolio/billingInfo 200
[debug] [2026-06-11T15:07:09.928Z] <<< [apiv2][body] GET https://cloudbilling.googleapis.com/v1/projects/diegomaquillportfolio/billingInfo {"name":"projects/diegomaquillportfolio/billingInfo","projectId":"diegomaquillportfolio","billingAccountName":"billingAccounts/01EB76-DC5E7A-DC7666","billingEnabled":true}
[debug] [2026-06-11T15:07:09.931Z] Checked if tokens are valid: true, expires at: 1781192335716
[debug] [2026-06-11T15:07:09.931Z] Checked if tokens are valid: true, expires at: 1781192335716
[debug] [2026-06-11T15:07:09.931Z] >>> [apiv2][query] POST https://cloudfunctions.googleapis.com/v2/projects/diegomaquillportfolio/locations/us-central1/functions:generateUploadUrl [none]
[debug] [2026-06-11T15:07:10.271Z] <<< [apiv2][status] POST https://cloudfunctions.googleapis.com/v2/projects/diegomaquillportfolio/locations/us-central1/functions:generateUploadUrl 200
[debug] [2026-06-11T15:07:10.272Z] <<< [apiv2][body] POST https://cloudfunctions.googleapis.com/v2/projects/diegomaquillportfolio/locations/us-central1/functions:generateUploadUrl {"uploadUrl":"https://storage.googleapis.com/gcf-v2-uploads-485923941686.us-central1.cloudfunctions.appspot.com/6ccb6104-8e88-4f44-996b-0e7b45628f7a.zip?GoogleAccessId=service-485923941686@gcf-admin-robot.iam.gserviceaccount.com&Expires=1781192230&Signature=NCx4ByyYhDx20aJuLLXsNU3GTYnGqAN2jnV2djRt26V%2F4R68I2cE%2B8KN17v8onSmhqaZPYtWP6rXlJoDZJUwXOiV8aE2NbzfzvLuI0g1spoRvAWtMdJZ5H0d2TAGY80FpKX0Aykke0Dx8Xv8rc8k6Trc957hGtr9rgwp16X9IIoFXIwLw4zuQQ7VjsRsvGEkdmpC341smJ8qrGiY26pym2jutUFBxrSR0Z2hoapqIoyHfLsu2tWDZTNguczkhmTC43agQ7DrhaqHnxhrp6c3edirk6SVYKv6ZzRziJQFyEH4O71TDSgIubU4cU62079U9MhjfeBfCcB9bjfr3mJj8w%3D%3D","storageSource":{"bucket":"gcf-v2-uploads-485923941686.us-central1.cloudfunctions.appspot.com","object":"6ccb6104-8e88-4f44-996b-0e7b45628f7a.zip"}}
[debug] [2026-06-11T15:07:10.273Z] >>> [apiv2][query] PUT https://storage.googleapis.com/gcf-v2-uploads-485923941686.us-central1.cloudfunctions.appspot.com/6ccb6104-8e88-4f44-996b-0e7b45628f7a.zip GoogleAccessId=service-485923941686%40gcf-admin-robot.iam.gserviceaccount.com&Expires=1781192230&Signature=NCx4ByyYhDx20aJuLLXsNU3GTYnGqAN2jnV2djRt26V%2F4R68I2cE%2B8KN17v8onSmhqaZPYtWP6rXlJoDZJUwXOiV8aE2NbzfzvLuI0g1spoRvAWtMdJZ5H0d2TAGY80FpKX0Aykke0Dx8Xv8rc8k6Trc957hGtr9rgwp16X9IIoFXIwLw4zuQQ7VjsRsvGEkdmpC341smJ8qrGiY26pym2jutUFBxrSR0Z2hoapqIoyHfLsu2tWDZTNguczkhmTC43agQ7DrhaqHnxhrp6c3edirk6SVYKv6ZzRziJQFyEH4O71TDSgIubU4cU62079U9MhjfeBfCcB9bjfr3mJj8w%3D%3D
[debug] [2026-06-11T15:07:10.273Z] >>> [apiv2][body] PUT https://storage.googleapis.com/gcf-v2-uploads-485923941686.us-central1.cloudfunctions.appspot.com/6ccb6104-8e88-4f44-996b-0e7b45628f7a.zip [stream]
[debug] [2026-06-11T15:07:10.621Z] <<< [apiv2][status] PUT https://storage.googleapis.com/gcf-v2-uploads-485923941686.us-central1.cloudfunctions.appspot.com/6ccb6104-8e88-4f44-996b-0e7b45628f7a.zip 200
[debug] [2026-06-11T15:07:10.622Z] <<< [apiv2][body] PUT https://storage.googleapis.com/gcf-v2-uploads-485923941686.us-central1.cloudfunctions.appspot.com/6ccb6104-8e88-4f44-996b-0e7b45628f7a.zip [omitted]
[info] ✔  functions: functions source uploaded successfully 
[info] i  functions: updating Node.js 22 (2nd Gen) function submit(us-central1)... 
[debug] [2026-06-11T15:07:10.628Z] Checked if tokens are valid: true, expires at: 1781192335716
[debug] [2026-06-11T15:07:10.628Z] Checked if tokens are valid: true, expires at: 1781192335716
[debug] [2026-06-11T15:07:10.629Z] >>> [apiv2][query] PATCH https://cloudfunctions.googleapis.com/v2/projects/diegomaquillportfolio/locations/us-central1/functions/submit updateMask=name%2CbuildConfig.runtime%2CbuildConfig.entryPoint%2CbuildConfig.source.storageSource.bucket%2CbuildConfig.source.storageSource.object%2CbuildConfig.environmentVariables%2CbuildConfig.sourceToken%2CserviceConfig.environmentVariables%2CserviceConfig.ingressSettings%2CserviceConfig.timeoutSeconds%2CserviceConfig.serviceAccountEmail%2CserviceConfig.availableMemory%2CserviceConfig.minInstanceCount%2CserviceConfig.maxInstanceCount%2CserviceConfig.maxInstanceRequestConcurrency%2CserviceConfig.availableCpu%2CserviceConfig.vpcConnector%2CserviceConfig.vpcConnectorEgressSettings%2CserviceConfig.directVpcNetworkInterface%2CserviceConfig.directVpcEgress%2Clabels
[debug] [2026-06-11T15:07:10.629Z] >>> [apiv2][body] PATCH https://cloudfunctions.googleapis.com/v2/projects/diegomaquillportfolio/locations/us-central1/functions/submit {"name":"projects/diegomaquillportfolio/locations/us-central1/functions/submit","buildConfig":{"runtime":"nodejs22","entryPoint":"submit","source":{"storageSource":{"bucket":"gcf-v2-uploads-485923941686.us-central1.cloudfunctions.appspot.com","object":"6ccb6104-8e88-4f44-996b-0e7b45628f7a.zip"}},"environmentVariables":{"GOOGLE_NODE_RUN_SCRIPTS":""}},"serviceConfig":{"environmentVariables":{"FIREBASE_CONFIG":"{\"projectId\":\"diegomaquillportfolio\",\"storageBucket\":\"diegomaquillportfolio.firebasestorage.app\"}","GCLOUD_PROJECT":"diegomaquillportfolio","EVENTARC_CLOUD_EVENT_SOURCE":"projects/diegomaquillportfolio/locations/us-central1/services/submit","FUNCTION_TARGET":"submit","LOG_EXECUTION_ID":"true"},"ingressSettings":null,"timeoutSeconds":null,"serviceAccountEmail":null,"availableMemory":"256Mi","minInstanceCount":null,"maxInstanceCount":null,"maxInstanceRequestConcurrency":80,"availableCpu":"1","vpcConnector":null,"vpcConnectorEgressSettings":null,"directVpcNetworkInterface":null,"directVpcEgress":null},"labels":{"deployment-tool":"cli-firebase","firebase-functions-hash":"5a092bdc74da9205f563c69429c72ed5da63450a"}}
[debug] [2026-06-11T15:07:11.848Z] <<< [apiv2][status] PATCH https://cloudfunctions.googleapis.com/v2/projects/diegomaquillportfolio/locations/us-central1/functions/submit 200
[debug] [2026-06-11T15:07:11.848Z] <<< [apiv2][body] PATCH https://cloudfunctions.googleapis.com/v2/projects/diegomaquillportfolio/locations/us-central1/functions/submit {"name":"projects/diegomaquillportfolio/locations/us-central1/operations/operation-1781190430869-653fbb6e8c82b-30d3b02e-392eab9f","metadata":{"@type":"type.googleapis.com/google.cloud.functions.v2.OperationMetadata","createTime":"2026-06-11T15:07:11.752567443Z","target":"projects/diegomaquillportfolio/locations/us-central1/functions/submit","verb":"update","cancelRequested":false,"apiVersion":"v2"},"done":false}
[debug] [2026-06-11T15:07:11.849Z] Checked if tokens are valid: true, expires at: 1781192335716
[debug] [2026-06-11T15:07:11.849Z] Checked if tokens are valid: true, expires at: 1781192335716
[debug] [2026-06-11T15:07:11.850Z] >>> [apiv2][query] GET https://cloudfunctions.googleapis.com/v2/projects/diegomaquillportfolio/locations/us-central1/operations/operation-1781190430869-653fbb6e8c82b-30d3b02e-392eab9f [none]
[debug] [2026-06-11T15:07:12.088Z] <<< [apiv2][status] GET https://cloudfunctions.googleapis.com/v2/projects/diegomaquillportfolio/locations/us-central1/operations/operation-1781190430869-653fbb6e8c82b-30d3b02e-392eab9f 200
[debug] [2026-06-11T15:07:12.089Z] <<< [apiv2][body] GET https://cloudfunctions.googleapis.com/v2/projects/diegomaquillportfolio/locations/us-central1/operations/operation-1781190430869-653fbb6e8c82b-30d3b02e-392eab9f {"name":"projects/diegomaquillportfolio/locations/us-central1/operations/operation-1781190430869-653fbb6e8c82b-30d3b02e-392eab9f","metadata":{"@type":"type.googleapis.com/google.cloud.functions.v2.OperationMetadata","createTime":"2026-06-11T15:07:11.752567443Z","target":"projects/diegomaquillportfolio/locations/us-central1/functions/submit","verb":"update","cancelRequested":false,"apiVersion":"v2","requestResource":{"@type":"type.googleapis.com/google.cloud.functions.v2.Function","name":"projects/diegomaquillportfolio/locations/us-central1/functions/submit","buildConfig":{"runtime":"nodejs22","entryPoint":"submit","source":{"storageSource":{"bucket":"gcf-v2-sources-485923941686-us-central1","object":"submit/function-source.zip","generation":"1781190431692045"}},"environmentVariables":{"GOOGLE_NODE_RUN_SCRIPTS":""},"dockerRepository":"projects/diegomaquillportfolio/locations/us-central1/repositories/gcf-artifacts","sourceProvenance":{"resolvedStorageSource":{"bucket":"gcf-v2-sources-485923941686-us-central1","object":"submit/function-source.zip","generation":"1781141456941646"}},"dockerRegistry":"ARTIFACT_REGISTRY","serviceAccount":"projects/diegomaquillportfolio/serviceAccounts/485923941686-compute@developer.gserviceaccount.com","automaticUpdatePolicy":{}},"serviceConfig":{"service":"projects/diegomaquillportfolio/locations/us-central1/services/submit","timeoutSeconds":60,"environmentVariables":{"FIREBASE_CONFIG":"{\"projectId\":\"diegomaquillportfolio\",\"storageBucket\":\"diegomaquillportfolio.firebasestorage.app\"}","GCLOUD_PROJECT":"diegomaquillportfolio","EVENTARC_CLOUD_EVENT_SOURCE":"projects/diegomaquillportfolio/locations/us-central1/services/submit","FUNCTION_TARGET":"submit","LOG_EXECUTION_ID":"true"},"ingressSettings":"ALLOW_ALL","serviceAccountEmail":"485923941686-compute@developer.gserviceaccount.com","availableMemory":"256Mi","maxInstanceRequestConcurrency":80,"availableCpu":"1"},"state":"UNKNOWN","labels":{"firebase-functions-hash":"5a092bdc74da9205f563c69429c72ed5da63450a"},"stateMessages":[{"severity":"ERROR","type":"CloudRunServiceNotFound","message":"Cloud Run service projects/diegomaquillportfolio/locations/us-central1/services/submit for the function was not found. The function will not work correctly. Please redeploy."}],"environment":"GEN_2","url":"https://us-central1-diegomaquillportfolio.cloudfunctions.net/submit","satisfiesPzi":true},"stages":[{"name":"BUILD","state":"NOT_STARTED"},{"name":"SERVICE","state":"NOT_STARTED"}],"operationType":"UPDATE_FUNCTION"},"done":false}
[debug] [2026-06-11T15:07:12.591Z] [update-default-us-central1-submit] Retrying task index 0
[debug] [2026-06-11T15:07:12.591Z] Checked if tokens are valid: true, expires at: 1781192335716
[debug] [2026-06-11T15:07:12.591Z] Checked if tokens are valid: true, expires at: 1781192335716
[debug] [2026-06-11T15:07:12.591Z] >>> [apiv2][query] GET https://cloudfunctions.googleapis.com/v2/projects/diegomaquillportfolio/locations/us-central1/operations/operation-1781190430869-653fbb6e8c82b-30d3b02e-392eab9f [none]
[debug] [2026-06-11T15:07:12.695Z] <<< [apiv2][status] GET https://cloudfunctions.googleapis.com/v2/projects/diegomaquillportfolio/locations/us-central1/operations/operation-1781190430869-653fbb6e8c82b-30d3b02e-392eab9f 200
[debug] [2026-06-11T15:07:12.695Z] <<< [apiv2][body] GET https://cloudfunctions.googleapis.com/v2/projects/diegomaquillportfolio/locations/us-central1/operations/operation-1781190430869-653fbb6e8c82b-30d3b02e-392eab9f {"name":"projects/diegomaquillportfolio/locations/us-central1/operations/operation-1781190430869-653fbb6e8c82b-30d3b02e-392eab9f","metadata":{"@type":"type.googleapis.com/google.cloud.functions.v2.OperationMetadata","createTime":"2026-06-11T15:07:11.752567443Z","target":"projects/diegomaquillportfolio/locations/us-central1/functions/submit","verb":"update","cancelRequested":false,"apiVersion":"v2","requestResource":{"@type":"type.googleapis.com/google.cloud.functions.v2.Function","name":"projects/diegomaquillportfolio/locations/us-central1/functions/submit","buildConfig":{"runtime":"nodejs22","entryPoint":"submit","source":{"storageSource":{"bucket":"gcf-v2-sources-485923941686-us-central1","object":"submit/function-source.zip","generation":"1781190431692045"}},"environmentVariables":{"GOOGLE_NODE_RUN_SCRIPTS":""},"dockerRepository":"projects/diegomaquillportfolio/locations/us-central1/repositories/gcf-artifacts","sourceProvenance":{"resolvedStorageSource":{"bucket":"gcf-v2-sources-485923941686-us-central1","object":"submit/function-source.zip","generation":"1781141456941646"}},"dockerRegistry":"ARTIFACT_REGISTRY","serviceAccount":"projects/diegomaquillportfolio/serviceAccounts/485923941686-compute@developer.gserviceaccount.com","automaticUpdatePolicy":{}},"serviceConfig":{"service":"projects/diegomaquillportfolio/locations/us-central1/services/submit","timeoutSeconds":60,"environmentVariables":{"FIREBASE_CONFIG":"{\"projectId\":\"diegomaquillportfolio\",\"storageBucket\":\"diegomaquillportfolio.firebasestorage.app\"}","GCLOUD_PROJECT":"diegomaquillportfolio","EVENTARC_CLOUD_EVENT_SOURCE":"projects/diegomaquillportfolio/locations/us-central1/services/submit","FUNCTION_TARGET":"submit","LOG_EXECUTION_ID":"true"},"ingressSettings":"ALLOW_ALL","serviceAccountEmail":"485923941686-compute@developer.gserviceaccount.com","availableMemory":"256Mi","maxInstanceRequestConcurrency":80,"availableCpu":"1"},"state":"UNKNOWN","labels":{"firebase-functions-hash":"5a092bdc74da9205f563c69429c72ed5da63450a"},"stateMessages":[{"severity":"ERROR","type":"CloudRunServiceNotFound","message":"Cloud Run service projects/diegomaquillportfolio/locations/us-central1/services/submit for the function was not found. The function will not work correctly. Please redeploy."}],"environment":"GEN_2","url":"https://us-central1-diegomaquillportfolio.cloudfunctions.net/submit","satisfiesPzi":true},"stages":[{"name":"BUILD","message":"Creating build","state":"IN_PROGRESS","resource":"projects/485923941686/locations/us-central1/builds/4dd1c77d-a9f6-4279-8f7f-516ee47934b2","resourceUri":"https://console.cloud.google.com/cloud-build/builds;region=us-central1/4dd1c77d-a9f6-4279-8f7f-516ee47934b2?project=485923941686"},{"name":"SERVICE","state":"NOT_STARTED"}],"operationType":"UPDATE_FUNCTION","buildName":"projects/485923941686/locations/us-central1/builds/4dd1c77d-a9f6-4279-8f7f-516ee47934b2"},"done":false}
[debug] [2026-06-11T15:07:13.697Z] [update-default-us-central1-submit] Retrying task index 0
[debug] [2026-06-11T15:07:13.698Z] Checked if tokens are valid: true, expires at: 1781192335716
[debug] [2026-06-11T15:07:13.698Z] Checked if tokens are valid: true, expires at: 1781192335716
[debug] [2026-06-11T15:07:13.699Z] >>> [apiv2][query] GET https://cloudfunctions.googleapis.com/v2/projects/diegomaquillportfolio/locations/us-central1/operations/operation-1781190430869-653fbb6e8c82b-30d3b02e-392eab9f [none]
[debug] [2026-06-11T15:07:13.945Z] <<< [apiv2][status] GET https://cloudfunctions.googleapis.com/v2/projects/diegomaquillportfolio/locations/us-central1/operations/operation-1781190430869-653fbb6e8c82b-30d3b02e-392eab9f 200
[debug] [2026-06-11T15:07:13.946Z] <<< [apiv2][body] GET https://cloudfunctions.googleapis.com/v2/projects/diegomaquillportfolio/locations/us-central1/operations/operation-1781190430869-653fbb6e8c82b-30d3b02e-392eab9f {"name":"projects/diegomaquillportfolio/locations/us-central1/operations/operation-1781190430869-653fbb6e8c82b-30d3b02e-392eab9f","metadata":{"@type":"type.googleapis.com/google.cloud.functions.v2.OperationMetadata","createTime":"2026-06-11T15:07:11.752567443Z","target":"projects/diegomaquillportfolio/locations/us-central1/functions/submit","verb":"update","cancelRequested":false,"apiVersion":"v2","requestResource":{"@type":"type.googleapis.com/google.cloud.functions.v2.Function","name":"projects/diegomaquillportfolio/locations/us-central1/functions/submit","buildConfig":{"runtime":"nodejs22","entryPoint":"submit","source":{"storageSource":{"bucket":"gcf-v2-sources-485923941686-us-central1","object":"submit/function-source.zip","generation":"1781190431692045"}},"environmentVariables":{"GOOGLE_NODE_RUN_SCRIPTS":""},"dockerRepository":"projects/diegomaquillportfolio/locations/us-central1/repositories/gcf-artifacts","sourceProvenance":{"resolvedStorageSource":{"bucket":"gcf-v2-sources-485923941686-us-central1","object":"submit/function-source.zip","generation":"1781141456941646"}},"dockerRegistry":"ARTIFACT_REGISTRY","serviceAccount":"projects/diegomaquillportfolio/serviceAccounts/485923941686-compute@developer.gserviceaccount.com","automaticUpdatePolicy":{}},"serviceConfig":{"service":"projects/diegomaquillportfolio/locations/us-central1/services/submit","timeoutSeconds":60,"environmentVariables":{"FIREBASE_CONFIG":"{\"projectId\":\"diegomaquillportfolio\",\"storageBucket\":\"diegomaquillportfolio.firebasestorage.app\"}","GCLOUD_PROJECT":"diegomaquillportfolio","EVENTARC_CLOUD_EVENT_SOURCE":"projects/diegomaquillportfolio/locations/us-central1/services/submit","FUNCTION_TARGET":"submit","LOG_EXECUTION_ID":"true"},"ingressSettings":"ALLOW_ALL","serviceAccountEmail":"485923941686-compute@developer.gserviceaccount.com","availableMemory":"256Mi","maxInstanceRequestConcurrency":80,"availableCpu":"1"},"state":"UNKNOWN","labels":{"firebase-functions-hash":"5a092bdc74da9205f563c69429c72ed5da63450a"},"stateMessages":[{"severity":"ERROR","type":"CloudRunServiceNotFound","message":"Cloud Run service projects/diegomaquillportfolio/locations/us-central1/services/submit for the function was not found. The function will not work correctly. Please redeploy."}],"environment":"GEN_2","url":"https://us-central1-diegomaquillportfolio.cloudfunctions.net/submit","satisfiesPzi":true},"stages":[{"name":"BUILD","message":"Build in progress","state":"IN_PROGRESS","resource":"projects/485923941686/locations/us-central1/builds/4dd1c77d-a9f6-4279-8f7f-516ee47934b2","resourceUri":"https://console.cloud.google.com/cloud-build/builds;region=us-central1/4dd1c77d-a9f6-4279-8f7f-516ee47934b2?project=485923941686"},{"name":"SERVICE","state":"NOT_STARTED"}],"operationType":"UPDATE_FUNCTION","buildName":"projects/485923941686/locations/us-central1/builds/4dd1c77d-a9f6-4279-8f7f-516ee47934b2"},"done":false}
[debug] [2026-06-11T15:07:15.947Z] [update-default-us-central1-submit] Retrying task index 0
[debug] [2026-06-11T15:07:15.948Z] Checked if tokens are valid: true, expires at: 1781192335716
[debug] [2026-06-11T15:07:15.948Z] Checked if tokens are valid: true, expires at: 1781192335716
[debug] [2026-06-11T15:07:15.948Z] >>> [apiv2][query] GET https://cloudfunctions.googleapis.com/v2/projects/diegomaquillportfolio/locations/us-central1/operations/operation-1781190430869-653fbb6e8c82b-30d3b02e-392eab9f [none]
[debug] [2026-06-11T15:07:16.136Z] <<< [apiv2][status] GET https://cloudfunctions.googleapis.com/v2/projects/diegomaquillportfolio/locations/us-central1/operations/operation-1781190430869-653fbb6e8c82b-30d3b02e-392eab9f 200
[debug] [2026-06-11T15:07:16.136Z] <<< [apiv2][body] GET https://cloudfunctions.googleapis.com/v2/projects/diegomaquillportfolio/locations/us-central1/operations/operation-1781190430869-653fbb6e8c82b-30d3b02e-392eab9f {"name":"projects/diegomaquillportfolio/locations/us-central1/operations/operation-1781190430869-653fbb6e8c82b-30d3b02e-392eab9f","metadata":{"@type":"type.googleapis.com/google.cloud.functions.v2.OperationMetadata","createTime":"2026-06-11T15:07:11.752567443Z","target":"projects/diegomaquillportfolio/locations/us-central1/functions/submit","verb":"update","cancelRequested":false,"apiVersion":"v2","requestResource":{"@type":"type.googleapis.com/google.cloud.functions.v2.Function","name":"projects/diegomaquillportfolio/locations/us-central1/functions/submit","buildConfig":{"runtime":"nodejs22","entryPoint":"submit","source":{"storageSource":{"bucket":"gcf-v2-sources-485923941686-us-central1","object":"submit/function-source.zip","generation":"1781190431692045"}},"environmentVariables":{"GOOGLE_NODE_RUN_SCRIPTS":""},"dockerRepository":"projects/diegomaquillportfolio/locations/us-central1/repositories/gcf-artifacts","sourceProvenance":{"resolvedStorageSource":{"bucket":"gcf-v2-sources-485923941686-us-central1","object":"submit/function-source.zip","generation":"1781141456941646"}},"dockerRegistry":"ARTIFACT_REGISTRY","serviceAccount":"projects/diegomaquillportfolio/serviceAccounts/485923941686-compute@developer.gserviceaccount.com","automaticUpdatePolicy":{}},"serviceConfig":{"service":"projects/diegomaquillportfolio/locations/us-central1/services/submit","timeoutSeconds":60,"environmentVariables":{"FIREBASE_CONFIG":"{\"projectId\":\"diegomaquillportfolio\",\"storageBucket\":\"diegomaquillportfolio.firebasestorage.app\"}","GCLOUD_PROJECT":"diegomaquillportfolio","EVENTARC_CLOUD_EVENT_SOURCE":"projects/diegomaquillportfolio/locations/us-central1/services/submit","FUNCTION_TARGET":"submit","LOG_EXECUTION_ID":"true"},"ingressSettings":"ALLOW_ALL","serviceAccountEmail":"485923941686-compute@developer.gserviceaccount.com","availableMemory":"256Mi","maxInstanceRequestConcurrency":80,"availableCpu":"1"},"state":"UNKNOWN","labels":{"firebase-functions-hash":"5a092bdc74da9205f563c69429c72ed5da63450a"},"stateMessages":[{"severity":"ERROR","type":"CloudRunServiceNotFound","message":"Cloud Run service projects/diegomaquillportfolio/locations/us-central1/services/submit for the function was not found. The function will not work correctly. Please redeploy."}],"environment":"GEN_2","url":"https://us-central1-diegomaquillportfolio.cloudfunctions.net/submit","satisfiesPzi":true},"stages":[{"name":"BUILD","message":"Build in progress","state":"IN_PROGRESS","resource":"projects/485923941686/locations/us-central1/builds/4dd1c77d-a9f6-4279-8f7f-516ee47934b2","resourceUri":"https://console.cloud.google.com/cloud-build/builds;region=us-central1/4dd1c77d-a9f6-4279-8f7f-516ee47934b2?project=485923941686"},{"name":"SERVICE","state":"NOT_STARTED"}],"operationType":"UPDATE_FUNCTION","buildName":"projects/485923941686/locations/us-central1/builds/4dd1c77d-a9f6-4279-8f7f-516ee47934b2"},"done":false}
[debug] [2026-06-11T15:07:20.137Z] [update-default-us-central1-submit] Retrying task index 0
[debug] [2026-06-11T15:07:20.138Z] Checked if tokens are valid: true, expires at: 1781192335716
[debug] [2026-06-11T15:07:20.138Z] Checked if tokens are valid: true, expires at: 1781192335716
[debug] [2026-06-11T15:07:20.138Z] >>> [apiv2][query] GET https://cloudfunctions.googleapis.com/v2/projects/diegomaquillportfolio/locations/us-central1/operations/operation-1781190430869-653fbb6e8c82b-30d3b02e-392eab9f [none]
[debug] [2026-06-11T15:07:20.436Z] <<< [apiv2][status] GET https://cloudfunctions.googleapis.com/v2/projects/diegomaquillportfolio/locations/us-central1/operations/operation-1781190430869-653fbb6e8c82b-30d3b02e-392eab9f 200
[debug] [2026-06-11T15:07:20.437Z] <<< [apiv2][body] GET https://cloudfunctions.googleapis.com/v2/projects/diegomaquillportfolio/locations/us-central1/operations/operation-1781190430869-653fbb6e8c82b-30d3b02e-392eab9f {"name":"projects/diegomaquillportfolio/locations/us-central1/operations/operation-1781190430869-653fbb6e8c82b-30d3b02e-392eab9f","metadata":{"@type":"type.googleapis.com/google.cloud.functions.v2.OperationMetadata","createTime":"2026-06-11T15:07:11.752567443Z","target":"projects/diegomaquillportfolio/locations/us-central1/functions/submit","verb":"update","cancelRequested":false,"apiVersion":"v2","requestResource":{"@type":"type.googleapis.com/google.cloud.functions.v2.Function","name":"projects/diegomaquillportfolio/locations/us-central1/functions/submit","buildConfig":{"runtime":"nodejs22","entryPoint":"submit","source":{"storageSource":{"bucket":"gcf-v2-sources-485923941686-us-central1","object":"submit/function-source.zip","generation":"1781190431692045"}},"environmentVariables":{"GOOGLE_NODE_RUN_SCRIPTS":""},"dockerRepository":"projects/diegomaquillportfolio/locations/us-central1/repositories/gcf-artifacts","sourceProvenance":{"resolvedStorageSource":{"bucket":"gcf-v2-sources-485923941686-us-central1","object":"submit/function-source.zip","generation":"1781141456941646"}},"dockerRegistry":"ARTIFACT_REGISTRY","serviceAccount":"projects/diegomaquillportfolio/serviceAccounts/485923941686-compute@developer.gserviceaccount.com","automaticUpdatePolicy":{}},"serviceConfig":{"service":"projects/diegomaquillportfolio/locations/us-central1/services/submit","timeoutSeconds":60,"environmentVariables":{"FIREBASE_CONFIG":"{\"projectId\":\"diegomaquillportfolio\",\"storageBucket\":\"diegomaquillportfolio.firebasestorage.app\"}","GCLOUD_PROJECT":"diegomaquillportfolio","EVENTARC_CLOUD_EVENT_SOURCE":"projects/diegomaquillportfolio/locations/us-central1/services/submit","FUNCTION_TARGET":"submit","LOG_EXECUTION_ID":"true"},"ingressSettings":"ALLOW_ALL","serviceAccountEmail":"485923941686-compute@developer.gserviceaccount.com","availableMemory":"256Mi","maxInstanceRequestConcurrency":80,"availableCpu":"1"},"state":"UNKNOWN","labels":{"firebase-functions-hash":"5a092bdc74da9205f563c69429c72ed5da63450a"},"stateMessages":[{"severity":"ERROR","type":"CloudRunServiceNotFound","message":"Cloud Run service projects/diegomaquillportfolio/locations/us-central1/services/submit for the function was not found. The function will not work correctly. Please redeploy."}],"environment":"GEN_2","url":"https://us-central1-diegomaquillportfolio.cloudfunctions.net/submit","satisfiesPzi":true},"stages":[{"name":"BUILD","message":"Build in progress","state":"IN_PROGRESS","resource":"projects/485923941686/locations/us-central1/builds/4dd1c77d-a9f6-4279-8f7f-516ee47934b2","resourceUri":"https://console.cloud.google.com/cloud-build/builds;region=us-central1/4dd1c77d-a9f6-4279-8f7f-516ee47934b2?project=485923941686"},{"name":"SERVICE","state":"NOT_STARTED"}],"operationType":"UPDATE_FUNCTION","buildName":"projects/485923941686/locations/us-central1/builds/4dd1c77d-a9f6-4279-8f7f-516ee47934b2"},"done":false}
[debug] [2026-06-11T15:07:28.438Z] [update-default-us-central1-submit] Retrying task index 0
[debug] [2026-06-11T15:07:28.439Z] Checked if tokens are valid: true, expires at: 1781192335716
[debug] [2026-06-11T15:07:28.439Z] Checked if tokens are valid: true, expires at: 1781192335716
[debug] [2026-06-11T15:07:28.439Z] >>> [apiv2][query] GET https://cloudfunctions.googleapis.com/v2/projects/diegomaquillportfolio/locations/us-central1/operations/operation-1781190430869-653fbb6e8c82b-30d3b02e-392eab9f [none]
[debug] [2026-06-11T15:07:28.865Z] <<< [apiv2][status] GET https://cloudfunctions.googleapis.com/v2/projects/diegomaquillportfolio/locations/us-central1/operations/operation-1781190430869-653fbb6e8c82b-30d3b02e-392eab9f 200
[debug] [2026-06-11T15:07:28.865Z] <<< [apiv2][body] GET https://cloudfunctions.googleapis.com/v2/projects/diegomaquillportfolio/locations/us-central1/operations/operation-1781190430869-653fbb6e8c82b-30d3b02e-392eab9f {"name":"projects/diegomaquillportfolio/locations/us-central1/operations/operation-1781190430869-653fbb6e8c82b-30d3b02e-392eab9f","metadata":{"@type":"type.googleapis.com/google.cloud.functions.v2.OperationMetadata","createTime":"2026-06-11T15:07:11.752567443Z","target":"projects/diegomaquillportfolio/locations/us-central1/functions/submit","verb":"update","cancelRequested":false,"apiVersion":"v2","requestResource":{"@type":"type.googleapis.com/google.cloud.functions.v2.Function","name":"projects/diegomaquillportfolio/locations/us-central1/functions/submit","buildConfig":{"runtime":"nodejs22","entryPoint":"submit","source":{"storageSource":{"bucket":"gcf-v2-sources-485923941686-us-central1","object":"submit/function-source.zip","generation":"1781190431692045"}},"environmentVariables":{"GOOGLE_NODE_RUN_SCRIPTS":""},"dockerRepository":"projects/diegomaquillportfolio/locations/us-central1/repositories/gcf-artifacts","sourceProvenance":{"resolvedStorageSource":{"bucket":"gcf-v2-sources-485923941686-us-central1","object":"submit/function-source.zip","generation":"1781141456941646"}},"dockerRegistry":"ARTIFACT_REGISTRY","serviceAccount":"projects/diegomaquillportfolio/serviceAccounts/485923941686-compute@developer.gserviceaccount.com","automaticUpdatePolicy":{}},"serviceConfig":{"service":"projects/diegomaquillportfolio/locations/us-central1/services/submit","timeoutSeconds":60,"environmentVariables":{"FIREBASE_CONFIG":"{\"projectId\":\"diegomaquillportfolio\",\"storageBucket\":\"diegomaquillportfolio.firebasestorage.app\"}","GCLOUD_PROJECT":"diegomaquillportfolio","EVENTARC_CLOUD_EVENT_SOURCE":"projects/diegomaquillportfolio/locations/us-central1/services/submit","FUNCTION_TARGET":"submit","LOG_EXECUTION_ID":"true"},"ingressSettings":"ALLOW_ALL","serviceAccountEmail":"485923941686-compute@developer.gserviceaccount.com","availableMemory":"256Mi","maxInstanceRequestConcurrency":80,"availableCpu":"1"},"state":"UNKNOWN","labels":{"firebase-functions-hash":"5a092bdc74da9205f563c69429c72ed5da63450a"},"stateMessages":[{"severity":"ERROR","type":"CloudRunServiceNotFound","message":"Cloud Run service projects/diegomaquillportfolio/locations/us-central1/services/submit for the function was not found. The function will not work correctly. Please redeploy."}],"environment":"GEN_2","url":"https://us-central1-diegomaquillportfolio.cloudfunctions.net/submit","satisfiesPzi":true},"stages":[{"name":"BUILD","message":"Build in progress","state":"IN_PROGRESS","resource":"projects/485923941686/locations/us-central1/builds/4dd1c77d-a9f6-4279-8f7f-516ee47934b2","resourceUri":"https://console.cloud.google.com/cloud-build/builds;region=us-central1/4dd1c77d-a9f6-4279-8f7f-516ee47934b2?project=485923941686"},{"name":"SERVICE","state":"NOT_STARTED"}],"operationType":"UPDATE_FUNCTION","buildName":"projects/485923941686/locations/us-central1/builds/4dd1c77d-a9f6-4279-8f7f-516ee47934b2"},"done":false}
[debug] [2026-06-11T15:07:38.869Z] [update-default-us-central1-submit] Retrying task index 0
[debug] [2026-06-11T15:07:38.870Z] Checked if tokens are valid: true, expires at: 1781192335716
[debug] [2026-06-11T15:07:38.870Z] Checked if tokens are valid: true, expires at: 1781192335716
[debug] [2026-06-11T15:07:38.871Z] >>> [apiv2][query] GET https://cloudfunctions.googleapis.com/v2/projects/diegomaquillportfolio/locations/us-central1/operations/operation-1781190430869-653fbb6e8c82b-30d3b02e-392eab9f [none]
[debug] [2026-06-11T15:07:39.113Z] <<< [apiv2][status] GET https://cloudfunctions.googleapis.com/v2/projects/diegomaquillportfolio/locations/us-central1/operations/operation-1781190430869-653fbb6e8c82b-30d3b02e-392eab9f 200
[debug] [2026-06-11T15:07:39.114Z] <<< [apiv2][body] GET https://cloudfunctions.googleapis.com/v2/projects/diegomaquillportfolio/locations/us-central1/operations/operation-1781190430869-653fbb6e8c82b-30d3b02e-392eab9f {"name":"projects/diegomaquillportfolio/locations/us-central1/operations/operation-1781190430869-653fbb6e8c82b-30d3b02e-392eab9f","metadata":{"@type":"type.googleapis.com/google.cloud.functions.v2.OperationMetadata","createTime":"2026-06-11T15:07:11.752567443Z","target":"projects/diegomaquillportfolio/locations/us-central1/functions/submit","verb":"update","cancelRequested":false,"apiVersion":"v2","requestResource":{"@type":"type.googleapis.com/google.cloud.functions.v2.Function","name":"projects/diegomaquillportfolio/locations/us-central1/functions/submit","buildConfig":{"runtime":"nodejs22","entryPoint":"submit","source":{"storageSource":{"bucket":"gcf-v2-sources-485923941686-us-central1","object":"submit/function-source.zip","generation":"1781190431692045"}},"environmentVariables":{"GOOGLE_NODE_RUN_SCRIPTS":""},"dockerRepository":"projects/diegomaquillportfolio/locations/us-central1/repositories/gcf-artifacts","sourceProvenance":{"resolvedStorageSource":{"bucket":"gcf-v2-sources-485923941686-us-central1","object":"submit/function-source.zip","generation":"1781141456941646"}},"dockerRegistry":"ARTIFACT_REGISTRY","serviceAccount":"projects/diegomaquillportfolio/serviceAccounts/485923941686-compute@developer.gserviceaccount.com","automaticUpdatePolicy":{}},"serviceConfig":{"service":"projects/diegomaquillportfolio/locations/us-central1/services/submit","timeoutSeconds":60,"environmentVariables":{"FIREBASE_CONFIG":"{\"projectId\":\"diegomaquillportfolio\",\"storageBucket\":\"diegomaquillportfolio.firebasestorage.app\"}","GCLOUD_PROJECT":"diegomaquillportfolio","EVENTARC_CLOUD_EVENT_SOURCE":"projects/diegomaquillportfolio/locations/us-central1/services/submit","FUNCTION_TARGET":"submit","LOG_EXECUTION_ID":"true"},"ingressSettings":"ALLOW_ALL","serviceAccountEmail":"485923941686-compute@developer.gserviceaccount.com","availableMemory":"256Mi","maxInstanceRequestConcurrency":80,"availableCpu":"1"},"state":"UNKNOWN","labels":{"firebase-functions-hash":"5a092bdc74da9205f563c69429c72ed5da63450a"},"stateMessages":[{"severity":"ERROR","type":"CloudRunServiceNotFound","message":"Cloud Run service projects/diegomaquillportfolio/locations/us-central1/services/submit for the function was not found. The function will not work correctly. Please redeploy."}],"environment":"GEN_2","url":"https://us-central1-diegomaquillportfolio.cloudfunctions.net/submit","satisfiesPzi":true},"stages":[{"name":"BUILD","message":"Build in progress","state":"IN_PROGRESS","resource":"projects/485923941686/locations/us-central1/builds/4dd1c77d-a9f6-4279-8f7f-516ee47934b2","resourceUri":"https://console.cloud.google.com/cloud-build/builds;region=us-central1/4dd1c77d-a9f6-4279-8f7f-516ee47934b2?project=485923941686"},{"name":"SERVICE","state":"NOT_STARTED"}],"operationType":"UPDATE_FUNCTION","buildName":"projects/485923941686/locations/us-central1/builds/4dd1c77d-a9f6-4279-8f7f-516ee47934b2"},"done":false}
[debug] [2026-06-11T15:07:49.115Z] [update-default-us-central1-submit] Retrying task index 0
[debug] [2026-06-11T15:07:49.115Z] Checked if tokens are valid: true, expires at: 1781192335716
[debug] [2026-06-11T15:07:49.115Z] Checked if tokens are valid: true, expires at: 1781192335716
[debug] [2026-06-11T15:07:49.116Z] >>> [apiv2][query] GET https://cloudfunctions.googleapis.com/v2/projects/diegomaquillportfolio/locations/us-central1/operations/operation-1781190430869-653fbb6e8c82b-30d3b02e-392eab9f [none]
[debug] [2026-06-11T15:07:49.325Z] <<< [apiv2][status] GET https://cloudfunctions.googleapis.com/v2/projects/diegomaquillportfolio/locations/us-central1/operations/operation-1781190430869-653fbb6e8c82b-30d3b02e-392eab9f 200
[debug] [2026-06-11T15:07:49.325Z] <<< [apiv2][body] GET https://cloudfunctions.googleapis.com/v2/projects/diegomaquillportfolio/locations/us-central1/operations/operation-1781190430869-653fbb6e8c82b-30d3b02e-392eab9f {"name":"projects/diegomaquillportfolio/locations/us-central1/operations/operation-1781190430869-653fbb6e8c82b-30d3b02e-392eab9f","metadata":{"@type":"type.googleapis.com/google.cloud.functions.v2.OperationMetadata","createTime":"2026-06-11T15:07:11.752567443Z","target":"projects/diegomaquillportfolio/locations/us-central1/functions/submit","verb":"update","cancelRequested":false,"apiVersion":"v2","requestResource":{"@type":"type.googleapis.com/google.cloud.functions.v2.Function","name":"projects/diegomaquillportfolio/locations/us-central1/functions/submit","buildConfig":{"runtime":"nodejs22","entryPoint":"submit","source":{"storageSource":{"bucket":"gcf-v2-sources-485923941686-us-central1","object":"submit/function-source.zip","generation":"1781190431692045"}},"environmentVariables":{"GOOGLE_NODE_RUN_SCRIPTS":""},"dockerRepository":"projects/diegomaquillportfolio/locations/us-central1/repositories/gcf-artifacts","sourceProvenance":{"resolvedStorageSource":{"bucket":"gcf-v2-sources-485923941686-us-central1","object":"submit/function-source.zip","generation":"1781141456941646"}},"dockerRegistry":"ARTIFACT_REGISTRY","serviceAccount":"projects/diegomaquillportfolio/serviceAccounts/485923941686-compute@developer.gserviceaccount.com","automaticUpdatePolicy":{}},"serviceConfig":{"service":"projects/diegomaquillportfolio/locations/us-central1/services/submit","timeoutSeconds":60,"environmentVariables":{"FIREBASE_CONFIG":"{\"projectId\":\"diegomaquillportfolio\",\"storageBucket\":\"diegomaquillportfolio.firebasestorage.app\"}","GCLOUD_PROJECT":"diegomaquillportfolio","EVENTARC_CLOUD_EVENT_SOURCE":"projects/diegomaquillportfolio/locations/us-central1/services/submit","FUNCTION_TARGET":"submit","LOG_EXECUTION_ID":"true"},"ingressSettings":"ALLOW_ALL","serviceAccountEmail":"485923941686-compute@developer.gserviceaccount.com","availableMemory":"256Mi","maxInstanceRequestConcurrency":80,"availableCpu":"1"},"state":"UNKNOWN","labels":{"firebase-functions-hash":"5a092bdc74da9205f563c69429c72ed5da63450a"},"stateMessages":[{"severity":"ERROR","type":"CloudRunServiceNotFound","message":"Cloud Run service projects/diegomaquillportfolio/locations/us-central1/services/submit for the function was not found. The function will not work correctly. Please redeploy."}],"environment":"GEN_2","url":"https://us-central1-diegomaquillportfolio.cloudfunctions.net/submit","satisfiesPzi":true},"stages":[{"name":"BUILD","message":"Build in progress","state":"IN_PROGRESS","resource":"projects/485923941686/locations/us-central1/builds/4dd1c77d-a9f6-4279-8f7f-516ee47934b2","resourceUri":"https://console.cloud.google.com/cloud-build/builds;region=us-central1/4dd1c77d-a9f6-4279-8f7f-516ee47934b2?project=485923941686"},{"name":"SERVICE","state":"NOT_STARTED"}],"operationType":"UPDATE_FUNCTION","buildName":"projects/485923941686/locations/us-central1/builds/4dd1c77d-a9f6-4279-8f7f-516ee47934b2"},"done":false}
[debug] [2026-06-11T15:07:59.327Z] [update-default-us-central1-submit] Retrying task index 0
[debug] [2026-06-11T15:07:59.328Z] Checked if tokens are valid: true, expires at: 1781192335716
[debug] [2026-06-11T15:07:59.328Z] Checked if tokens are valid: true, expires at: 1781192335716
[debug] [2026-06-11T15:07:59.328Z] >>> [apiv2][query] GET https://cloudfunctions.googleapis.com/v2/projects/diegomaquillportfolio/locations/us-central1/operations/operation-1781190430869-653fbb6e8c82b-30d3b02e-392eab9f [none]
[debug] [2026-06-11T15:07:59.637Z] <<< [apiv2][status] GET https://cloudfunctions.googleapis.com/v2/projects/diegomaquillportfolio/locations/us-central1/operations/operation-1781190430869-653fbb6e8c82b-30d3b02e-392eab9f 200
[debug] [2026-06-11T15:07:59.637Z] <<< [apiv2][body] GET https://cloudfunctions.googleapis.com/v2/projects/diegomaquillportfolio/locations/us-central1/operations/operation-1781190430869-653fbb6e8c82b-30d3b02e-392eab9f {"name":"projects/diegomaquillportfolio/locations/us-central1/operations/operation-1781190430869-653fbb6e8c82b-30d3b02e-392eab9f","metadata":{"@type":"type.googleapis.com/google.cloud.functions.v2.OperationMetadata","createTime":"2026-06-11T15:07:11.752567443Z","target":"projects/diegomaquillportfolio/locations/us-central1/functions/submit","verb":"update","cancelRequested":false,"apiVersion":"v2","requestResource":{"@type":"type.googleapis.com/google.cloud.functions.v2.Function","name":"projects/diegomaquillportfolio/locations/us-central1/functions/submit","buildConfig":{"runtime":"nodejs22","entryPoint":"submit","source":{"storageSource":{"bucket":"gcf-v2-sources-485923941686-us-central1","object":"submit/function-source.zip","generation":"1781190431692045"}},"environmentVariables":{"GOOGLE_NODE_RUN_SCRIPTS":""},"dockerRepository":"projects/diegomaquillportfolio/locations/us-central1/repositories/gcf-artifacts","sourceProvenance":{"resolvedStorageSource":{"bucket":"gcf-v2-sources-485923941686-us-central1","object":"submit/function-source.zip","generation":"1781141456941646"}},"dockerRegistry":"ARTIFACT_REGISTRY","serviceAccount":"projects/diegomaquillportfolio/serviceAccounts/485923941686-compute@developer.gserviceaccount.com","automaticUpdatePolicy":{}},"serviceConfig":{"service":"projects/diegomaquillportfolio/locations/us-central1/services/submit","timeoutSeconds":60,"environmentVariables":{"FIREBASE_CONFIG":"{\"projectId\":\"diegomaquillportfolio\",\"storageBucket\":\"diegomaquillportfolio.firebasestorage.app\"}","GCLOUD_PROJECT":"diegomaquillportfolio","EVENTARC_CLOUD_EVENT_SOURCE":"projects/diegomaquillportfolio/locations/us-central1/services/submit","FUNCTION_TARGET":"submit","LOG_EXECUTION_ID":"true"},"ingressSettings":"ALLOW_ALL","serviceAccountEmail":"485923941686-compute@developer.gserviceaccount.com","availableMemory":"256Mi","maxInstanceRequestConcurrency":80,"availableCpu":"1"},"state":"UNKNOWN","labels":{"firebase-functions-hash":"5a092bdc74da9205f563c69429c72ed5da63450a"},"stateMessages":[{"severity":"ERROR","type":"CloudRunServiceNotFound","message":"Cloud Run service projects/diegomaquillportfolio/locations/us-central1/services/submit for the function was not found. The function will not work correctly. Please redeploy."}],"environment":"GEN_2","url":"https://us-central1-diegomaquillportfolio.cloudfunctions.net/submit","satisfiesPzi":true},"stages":[{"name":"BUILD","message":"Build in progress","state":"IN_PROGRESS","resource":"projects/485923941686/locations/us-central1/builds/4dd1c77d-a9f6-4279-8f7f-516ee47934b2","resourceUri":"https://console.cloud.google.com/cloud-build/builds;region=us-central1/4dd1c77d-a9f6-4279-8f7f-516ee47934b2?project=485923941686"},{"name":"SERVICE","state":"NOT_STARTED"}],"operationType":"UPDATE_FUNCTION","buildName":"projects/485923941686/locations/us-central1/builds/4dd1c77d-a9f6-4279-8f7f-516ee47934b2"},"done":false}
[debug] [2026-06-11T15:08:09.639Z] [update-default-us-central1-submit] Retrying task index 0
[debug] [2026-06-11T15:08:09.640Z] Checked if tokens are valid: true, expires at: 1781192335716
[debug] [2026-06-11T15:08:09.640Z] Checked if tokens are valid: true, expires at: 1781192335716
[debug] [2026-06-11T15:08:09.640Z] >>> [apiv2][query] GET https://cloudfunctions.googleapis.com/v2/projects/diegomaquillportfolio/locations/us-central1/operations/operation-1781190430869-653fbb6e8c82b-30d3b02e-392eab9f [none]
[debug] [2026-06-11T15:08:09.863Z] <<< [apiv2][status] GET https://cloudfunctions.googleapis.com/v2/projects/diegomaquillportfolio/locations/us-central1/operations/operation-1781190430869-653fbb6e8c82b-30d3b02e-392eab9f 200
[debug] [2026-06-11T15:08:09.863Z] <<< [apiv2][body] GET https://cloudfunctions.googleapis.com/v2/projects/diegomaquillportfolio/locations/us-central1/operations/operation-1781190430869-653fbb6e8c82b-30d3b02e-392eab9f {"name":"projects/diegomaquillportfolio/locations/us-central1/operations/operation-1781190430869-653fbb6e8c82b-30d3b02e-392eab9f","metadata":{"@type":"type.googleapis.com/google.cloud.functions.v2.OperationMetadata","createTime":"2026-06-11T15:07:11.752567443Z","endTime":"2026-06-11T15:08:07.155557215Z","target":"projects/diegomaquillportfolio/locations/us-central1/functions/submit","verb":"update","cancelRequested":false,"apiVersion":"v2","requestResource":{"@type":"type.googleapis.com/google.cloud.functions.v2.Function","name":"projects/diegomaquillportfolio/locations/us-central1/functions/submit","buildConfig":{"runtime":"nodejs22","entryPoint":"submit","source":{"storageSource":{"bucket":"gcf-v2-sources-485923941686-us-central1","object":"submit/function-source.zip","generation":"1781190431692045"}},"environmentVariables":{"GOOGLE_NODE_RUN_SCRIPTS":""},"dockerRepository":"projects/diegomaquillportfolio/locations/us-central1/repositories/gcf-artifacts","sourceProvenance":{"resolvedStorageSource":{"bucket":"gcf-v2-sources-485923941686-us-central1","object":"submit/function-source.zip","generation":"1781141456941646"}},"dockerRegistry":"ARTIFACT_REGISTRY","serviceAccount":"projects/diegomaquillportfolio/serviceAccounts/485923941686-compute@developer.gserviceaccount.com","automaticUpdatePolicy":{}},"serviceConfig":{"service":"projects/diegomaquillportfolio/locations/us-central1/services/submit","timeoutSeconds":60,"environmentVariables":{"FIREBASE_CONFIG":"{\"projectId\":\"diegomaquillportfolio\",\"storageBucket\":\"diegomaquillportfolio.firebasestorage.app\"}","GCLOUD_PROJECT":"diegomaquillportfolio","EVENTARC_CLOUD_EVENT_SOURCE":"projects/diegomaquillportfolio/locations/us-central1/services/submit","FUNCTION_TARGET":"submit","LOG_EXECUTION_ID":"true"},"ingressSettings":"ALLOW_ALL","serviceAccountEmail":"485923941686-compute@developer.gserviceaccount.com","availableMemory":"256Mi","maxInstanceRequestConcurrency":80,"availableCpu":"1"},"state":"UNKNOWN","labels":{"firebase-functions-hash":"5a092bdc74da9205f563c69429c72ed5da63450a"},"stateMessages":[{"severity":"ERROR","type":"CloudRunServiceNotFound","message":"Cloud Run service projects/diegomaquillportfolio/locations/us-central1/services/submit for the function was not found. The function will not work correctly. Please redeploy."}],"environment":"GEN_2","url":"https://us-central1-diegomaquillportfolio.cloudfunctions.net/submit","satisfiesPzi":true},"stages":[{"name":"SERVICE","state":"NOT_STARTED"}],"operationType":"UPDATE_FUNCTION"},"done":true,"error":{"code":3,"message":"Build failed with status: FAILURE and message: npm error code EUSAGE\nnpm error\nnpm error `npm ci` can only install packages when your package.json and package-lock.json or npm-shrinkwrap.json are in sync. Please update your lock file with `npm install` before continuing.\nnpm error\nnpm error Missing: jest@30.4.2 from lock file\nnpm error Missing: @jest/core@30.4.2 from lock file\nnpm error Missing: @jest/types@30.4.1 from lock file\nnpm error Missing: import-local@3.2.0 from lock file\nnpm error Missing: jest-cli@30.4.2 from lock file\nnpm error Missing: @jest/console@30.4.1 from lock file\nnpm error Missing: @jest/pattern@30.4.0 from lock file\nnpm error Missing: @jest/reporters@30.4.1 from lock file\nnpm error Missing: @jest/test-result@30.4.1 from lock file\nnpm error Missing: @jest/transform@30.4.1 from lock file\nnpm error Missing: ansi-escapes@4.3.2 from lock file\nnpm error Missing: chalk@4.1.2 from lock file\nnpm error Missing: ci-info@4.4.0 from lock file\nnpm error Missing: exit-x@0.2.2 from lock file\nnpm error Missing: fast-json-stable-stringify@2.1.0 from lock file\nnpm error Missing: graceful-fs@4.2.11 from lock file\nnpm error Missing: jest-changed-files@30.4.1 from lock file\nnpm error Missing: jest-config@30.4.2 from lock file\nnpm error Missing: jest-haste-map@30.4.1 from lock file\nnpm error Missing: jest-message-util@30.4.1 from lock file\nnpm error Missing: jest-regex-util@30.4.0 from lock file\nnpm error Missing: jest-resolve@30.4.1 from lock file\nnpm error Missing: jest-resolve-dependencies@30.4.2 from lock file\nnpm error Missing: jest-runner@30.4.2 from lock file\nnpm error Missing: jest-runtime@30.4.2 from lock file\nnpm error Missing: jest-snapshot@30.4.1 from lock file\nnpm error Missing: jest-util@30.4.1 from lock file\nnpm error Missing: jest-validate@30.4.1 from lock file\nnpm error Missing: jest-watcher@30.4.1 from lock file\nnpm error Missing: pretty-format@30.4.1 from lock file\nnpm error Missing: slash@3.0.0 from lock file\nnpm error Missing: @bcoe/v8-coverage@0.2.3 from lock file\nnpm error Missing: @jridgewell/trace-mapping@0.3.31 from lock file\nnpm error Missing: collect-v8-coverage@1.0.3 from lock file\nnpm error Missing: glob@10.5.0 from lock file\nnpm error Missing: istanbul-lib-coverage@3.2.2 from lock file\nnpm error Missing: istanbul-lib-instrument@6.0.3 from lock file\nnpm error Missing: istanbul-lib-report@3.0.1 from lock file\nnpm error Missing: istanbul-lib-source-maps@5.0.6 from lock file\nnpm error Missing: istanbul-reports@3.2.0 from lock file\nnpm error Missing: jest-worker@30.4.1 from lock file\nnpm error Missing: string-length@4.0.2 from lock file\nnpm error Missing: v8-to-istanbul@9.3.0 from lock file\nnpm error Missing: @types/istanbul-lib-coverage@2.0.6 from lock file\nnpm error Missing: @babel/core@7.29.7 from lock file\nnpm error Missing: babel-plugin-istanbul@7.0.1 from lock file\nnpm error Missing: convert-source-map@2.0.0 from lock file\nnpm error Missing: pirates@4.0.7 from lock file\nnpm error Missing: write-file-atomic@5.0.1 from lock file\nnpm error Missing: @babel/code-frame@7.29.7 from lock file\nnpm error Missing: @babel/generator@7.29.7 from lock file\nnpm error Missing: @babel/helper-compilation-targets@7.29.7 from lock file\nnpm error Missing: @babel/helper-module-transforms@7.29.7 from lock file\nnpm error Missing: @babel/helpers@7.29.7 from lock file\nnpm error Missing: @babel/parser@7.29.7 from lock file\nnpm error Missing: @babel/template@7.29.7 from lock file\nnpm error Missing: @babel/traverse@7.29.7 from lock file\nnpm error Missing: @babel/types@7.29.7 from lock file\nnpm error Missing: @jridgewell/remapping@2.3.5 from lock file\nnpm error Missing: debug@4.4.3 from lock file\nnpm error Missing: gensync@1.0.0-beta.2 from lock file\nnpm error Missing: json5@2.2.3 from lock file\nnpm error Missing: semver@6.3.1 from lock file\nnpm error Missing: @babel/helper-validator-identifier@7.29.7 from lock file\nnpm error Missing: js-tokens@4.0.0 from lock file\nnpm error Missing: picocolors@1.1.1 from lock file\nnpm error Missing: @jridgewell/gen-mapping@0.3.13 from lock file\nnpm error Missing: jsesc@3.1.0 from lock file\nnpm error Missing: @babel/compat-data@7.29.7 from lock file\nnpm error Missing: @babel/helper-validator-option@7.29.7 from lock file\nnpm error Missing: browserslist@4.28.2 from lock file\nnpm error Missing: lru-cache@5.1.1 from lock file\nnpm error Missing: semver@6.3.1 from lock file\nnpm error Missing: @babel/helper-module-imports@7.29.7 from lock file\nnpm error Missing: @babel/helper-globals@7.29.7 from lock file\nnpm error Missing: debug@4.4.3 from lock file\nnpm error Missing: @babel/helper-string-parser@7.29.7 from lock file\nnpm error Missing: @jest/schemas@30.4.1 from lock file\nnpm error Missing: @types/istanbul-reports@3.0.4 from lock file\nnpm error Missing: @types/yargs@17.0.35 from lock file\nnpm error Missing: @sinclair/typebox@0.34.49 from lock file\nnpm error Missing: @jridgewell/sourcemap-codec@1.5.5 from lock file\nnpm error Missing: @jridgewell/resolve-uri@3.1.2 from lock file\nnpm error Missing: @types/istanbul-lib-report@3.0.3 from lock file\nnpm error Missing: @types/yargs-parser@21.0.3 from lock file\nnpm error Missing: type-fest@0.21.3 from lock file\nnpm error Missing: @babel/helper-plugin-utils@7.29.7 from lock file\nnpm error Missing: @istanbuljs/load-nyc-config@1.1.0 from lock file\nnpm error Missing: @istanbuljs/schema@0.1.6 from lock file\nnpm error Missing: test-exclude@6.0.0 from lock file\nnpm error Missing: camelcase@5.3.1 from lock file\nnpm error Missing: find-up@4.1.0 from lock file\nnpm error Missing: get-package-type@0.1.0 from lock file\nnpm error Missing: js-yaml@3.14.2 from lock file\nnpm error Missing: resolve-from@5.0.0 from lock file\nnpm error Missing: baseline-browser-mapping@2.10.35 from lock file\nnpm error Missing: caniuse-lite@1.0.30001799 from lock file\nnpm error Missing: electron-to-chromium@1.5.371 from lock file\nnpm error Missing: node-releases@2.0.47 from lock file\nnpm error Missing: update-browserslist-db@1.2.3 from lock file\nnpm error Missing: supports-color@7.2.0 from lock file\nnpm error Missing: locate-path@5.0.0 from lock file\nnpm error Missing: path-exists@4.0.0 from lock file\nnpm error Missing: foreground-child@3.3.1 from lock file\nnpm error Missing: jackspeak@3.4.3 from lock file\nnpm error Missing: minimatch@9.0.9 from lock file\nnpm error Missing: minipass@7.1.3 from lock file\nnpm error Missing: package-json-from-dist@1.0.1 from lock file\nnpm error Missing: path-scurry@1.11.1 from lock file\nnpm error Missing: cross-spawn@7.0.6 from lock file\nnpm error Missing: signal-exit@4.1.0 from lock file\nnpm error Missing: path-key@3.1.1 from lock file\nnpm error Missing: shebang-command@2.0.0 from lock file\nnpm error Missing: which@2.0.2 from lock file\nnpm error Missing: pkg-dir@4.2.0 from lock file\nnpm error Missing: resolve-cwd@3.0.0 from lock file\nnpm error Missing: make-dir@4.0.0 from lock file\nnpm error Missing: debug@4.4.3 from lock file\nnpm error Missing: html-escaper@2.0.2 from lock file\nnpm error Missing: @isaacs/cliui@8.0.2 from lock file\nnpm error Missing: @pkgjs/parseargs@0.11.0 from lock file\nnpm error Missing: string-width@5.1.2 from lock file\nnpm error Missing: string-width-cjs@4.2.3 from lock file\nnpm error Missing: strip-ansi@7.2.0 from lock file\nnpm error Missing: strip-ansi-cjs@6.0.1 from lock file\nnpm error Missing: wrap-ansi@8.1.0 from lock file\nnpm error Missing: wrap-ansi-cjs@7.0.0 from lock file\nnpm error Missing: execa@5.1.1 from lock file\nnpm error Missing: get-stream@6.0.1 from lock file\nnpm error Missing: human-signals@2.1.0 from lock file\nnpm error Missing: merge-stream@2.0.0 from lock file\nnpm error Missing: npm-run-path@4.0.1 from lock file\nnpm error Missing: onetime@5.1.2 from lock file\nnpm error Missing: signal-exit@3.0.7 from lock file\nnpm error Missing: strip-final-newline@2.0.0 from lock file\nnpm error Missing: @jest/get-type@30.1.0 from lock file\nnpm error Missing: @jest/test-sequencer@30.4.1 from lock file\nnpm error Missing: babel-jest@30.4.1 from lock file\nnpm error Missing: deepmerge@4.3.1 from lock file\nnpm error Missing: jest-circus@30.4.2 from lock file\nnpm error Missing: jest-docblock@30.4.0 from lock file\nnpm error Missing: jest-environment-node@30.4.1 from lock file\nnpm error Missing: parse-json@5.2.0 from lock file\nnpm error Missing: strip-json-comments@3.1.1 from lock file\nnpm error Missing: @types/babel__core@7.20.5 from lock file\nnpm error Missing: babel-preset-jest@30.4.0 from lock file\nnpm error Missing: @types/babel__generator@7.27.0 from lock file\nnpm error Missing: @types/babel__template@7.4.4 from lock file\nnpm error Missing: @types/babel__traverse@7.28.0 from lock file\nnpm error Missing: babel-plugin-jest-hoist@30.4.0 from lock file\nnpm error Missing: babel-preset-current-node-syntax@1.2.0 from lock file\nnpm error Missing: @babel/plugin-syntax-async-generators@7.8.4 from lock file\nnpm error Missing: @babel/plugin-syntax-bigint@7.8.3 from lock file\nnpm error Missing: @babel/plugin-syntax-class-properties@7.12.13 from lock file\nnpm error Missing: @babel/plugin-syntax-class-static-block@7.14.5 from lock file\nnpm error Missing: @babel/plugin-syntax-import-attributes@7.29.7 from lock file\nnpm error Missing: @babel/plugin-syntax-import-meta@7.10.4 from lock file\nnpm error Missing: @babel/plugin-syntax-json-strings@7.8.3 from lock file\nnpm error Missing: @babel/plugin-syntax-logical-assignment-operators@7.10.4 from lock file\nnpm error Missing: @babel/plugin-syntax-nullish-coalescing-operator@7.8.3 from lock file\nnpm error Missing: @babel/plugin-syntax-numeric-separator@7.10.4 from lock file\nnpm error Missing: @babel/plugin-syntax-object-rest-spread@7.8.3 from lock file\nnpm error Missing: @babel/plugin-syntax-optional-catch-binding@7.8.3 from lock file\nnpm error Missing: @babel/plugin-syntax-optional-chaining@7.8.3 from lock file\nnpm error Missing: @babel/plugin-syntax-private-property-in-object@7.14.5 from lock file\nnpm error Missing: @babel/plugin-syntax-top-level-await@7.14.5 from lock file\nnpm error Missing: @jest/environment@30.4.1 from lock file\nnpm error Missing: @jest/expect@30.4.1 from lock file\nnpm error Missing: co@4.6.0 from lock file\nnpm error Missing: dedent@1.7.2 from lock file\nnpm error Missing: is-generator-fn@2.1.0 from lock file\nnpm error Missing: jest-each@30.4.1 from lock file\nnpm error Missing: jest-matcher-utils@30.4.1 from lock file\nnpm error Missing: pure-rand@7.0.1 from lock file\nnpm error Missing: stack-utils@2.0.6 from lock file\nnpm error Missing: @jest/fake-timers@30.4.1 from lock file\nnpm error Missing: jest-mock@30.4.1 from lock file\nnpm error Missing: expect@30.4.1 from lock file\nnpm error Missing: @sinonjs/fake-timers@15.4.0 from lock file\nnpm error Missing: @sinonjs/commons@3.0.1 from lock file\nnpm error Missing: type-detect@4.0.8 from lock file\nnpm error Missing: @jest/expect-utils@30.4.1 from lock file\nnpm error Missing: detect-newline@3.1.0 from lock file\nnpm error Missing: anymatch@3.1.3 from lock file\nnpm error Missing: fb-watchman@2.0.2 from lock file\nnpm error Missing: fsevents@2.3.3 from lock file\nnpm error Missing: picomatch@4.0.4 from lock file\nnpm error Missing: walker@1.0.8 from lock file\nnpm error Missing: normalize-path@3.0.0 from lock file\nnpm error Missing: picomatch@2.3.2 from lock file\nnpm error Missing: bser@2.1.1 from lock file\nnpm error Missing: node-int64@0.4.0 from lock file\nnpm error Missing: jest-diff@30.4.1 from lock file\nnpm error Missing: @jest/diff-sequences@30.4.0 from lock file\nnpm error Missing: @types/stack-utils@2.0.3 from lock file\nnpm error Missing: jest-pnp-resolver@1.2.3 from lock file\nnpm error Missing: unrs-resolver@1.12.2 from lock file\nnpm error Missing: emittery@0.13.1 from lock file\nnpm error Missing: jest-leak-detector@30.4.1 from lock file\nnpm error Missing: source-map-support@0.5.13 from lock file\nnpm error Missing: @jest/globals@30.4.1 from lock file\nnpm error Missing: @jest/source-map@30.0.1 from lock file\nnpm error Missing: cjs-module-lexer@2.2.0 from lock file\nnpm error Missing: strip-bom@4.0.0 from lock file\nnpm error Missing: callsites@3.1.0 from lock file\nnpm error Missing: @babel/plugin-syntax-jsx@7.29.7 from lock file\nnpm error Missing: @babel/plugin-syntax-typescript@7.29.7 from lock file\nnpm error Missing: @jest/snapshot-utils@30.4.1 from lock file\nnpm error Missing: synckit@0.11.13 from lock file\nnpm error Missing: natural-compare@1.4.0 from lock file\nnpm error Missing: camelcase@6.3.0 from lock file\nnpm error Missing: leven@3.1.0 from lock file\nnpm error Missing: @ungap/structured-clone@1.3.1 from lock file\nnpm error Missing: supports-color@8.1.1 from lock file\nnpm error Missing: argparse@1.0.10 from lock file\nnpm error Missing: esprima@4.0.1 from lock file\nnpm error Missing: sprintf-js@1.0.3 from lock file\nnpm error Missing: p-locate@4.1.0 from lock file\nnpm error Missing: brace-expansion@2.1.1 from lock file\nnpm error Missing: balanced-match@1.0.2 from lock file\nnpm error Missing: mimic-fn@2.1.0 from lock file\nnpm error Missing: p-limit@2.3.0 from lock file\nnpm error Missing: error-ex@1.3.4 from lock file\nnpm error Missing: json-parse-even-better-errors@2.3.1 from lock file\nnpm error Missing: lines-and-columns@1.2.4 from lock file\nnpm error Missing: is-arrayish@0.2.1 from lock file\nnpm error Missing: lru-cache@10.4.3 from lock file\nnpm error Missing: ansi-styles@5.2.0 from lock file\nnpm error Missing: react-is-18@18.3.1 from lock file\nnpm error Missing: react-is-19@19.2.7 from lock file\nnpm error Missing: shebang-regex@3.0.0 from lock file\nnpm error Missing: buffer-from@1.1.2 from lock file\nnpm error Missing: source-map@0.6.1 from lock file\nnpm error Missing: escape-string-regexp@2.0.0 from lock file\nnpm error Missing: char-regex@1.0.2 from lock file\nnpm error Missing: has-flag@4.0.0 from lock file\nnpm error Missing: @pkgr/core@0.3.6 from lock file\nnpm error Missing: glob@7.2.3 from lock file\nnpm error Missing: minimatch@3.1.5 from lock file\nnpm error Missing: @unrs/resolver-binding-android-arm-eabi@1.12.2 from lock file\nnpm error Missing: @unrs/resolver-binding-android-arm64@1.12.2 from lock file\nnpm error Missing: @unrs/resolver-binding-darwin-arm64@1.12.2 from lock file\nnpm error Missing: @unrs/resolver-binding-darwin-x64@1.12.2 from lock file\nnpm error Missing: @unrs/resolver-binding-freebsd-x64@1.12.2 from lock file\nnpm error Missing: @unrs/resolver-binding-linux-arm-gnueabihf@1.12.2 from lock file\nnpm error Missing: @unrs/resolver-binding-linux-arm-musleabihf@1.12.2 from lock file\nnpm error Missing: @unrs/resolver-binding-linux-arm64-gnu@1.12.2 from lock file\nnpm error Missing: @unrs/resolver-binding-linux-arm64-musl@1.12.2 from lock file\nnpm error Missing: @unrs/resolver-binding-linux-loong64-gnu@1.12.2 from lock file\nnpm error Missing: @unrs/resolver-binding-linux-loong64-musl@1.12.2 from lock file\nnpm error Missing: @unrs/resolver-binding-linux-ppc64-gnu@1.12.2 from lock file\nnpm error Missing: @unrs/resolver-binding-linux-riscv64-gnu@1.12.2 from lock file\nnpm error Missing: @unrs/resolver-binding-linux-riscv64-musl@1.12.2 from lock file\nnpm error Missing: @unrs/resolver-binding-linux-s390x-gnu@1.12.2 from lock file\nnpm error Missing: @unrs/resolver-binding-linux-x64-gnu@1.12.2 from lock file\nnpm error Missing: @unrs/resolver-binding-linux-x64-musl@1.12.2 from lock file\nnpm error Missing: @unrs/resolver-binding-openharmony-arm64@1.12.2 from lock file\nnpm error Missing: @unrs/resolver-binding-wasm32-wasi@1.12.2 from lock file\nnpm error Missing: @unrs/resolver-binding-win32-arm64-msvc@1.12.2 from lock file\nnpm error Missing: @unrs/resolver-binding-win32-ia32-msvc@1.12.2 from lock file\nnpm error Missing: @unrs/resolver-binding-win32-x64-msvc@1.12.2 from lock file\nnpm error Missing: napi-postinstall@0.3.4 from lock file\nnpm error Missing: @emnapi/core@1.10.0 from lock file\nnpm error Missing: @emnapi/runtime@1.10.0 from lock file\nnpm error Missing: @napi-rs/wasm-runtime@1.1.5 from lock file\nnpm error Missing: @emnapi/wasi-threads@1.2.1 from lock file\nnpm error Missing: @tybys/wasm-util@0.10.2 from lock file\nnpm error Missing: makeerror@1.0.12 from lock file\nnpm error Missing: tmpl@1.0.5 from lock file\nnpm error Missing: isexe@2.0.0 from lock file\nnpm error Missing: imurmurhash@0.1.4 from lock file\nnpm error Missing: ms@2.1.3 from lock file\nnpm error Missing: yallist@3.1.1 from lock file\nnpm error Missing: ms@2.1.3 from lock file\nnpm error Missing: eastasianwidth@0.2.0 from lock file\nnpm error Missing: emoji-regex@9.2.2 from lock file\nnpm error Missing: ansi-regex@6.2.2 from lock file\nnpm error Missing: ansi-styles@6.2.3 from lock file\nnpm error Missing: ms@2.1.3 from lock file\nnpm error Missing: p-try@2.2.0 from lock file\nnpm error Missing: fs.realpath@1.0.0 from lock file\nnpm error Missing: inflight@1.0.6 from lock file\nnpm error Missing: path-is-absolute@1.0.1 from lock file\nnpm error Missing: brace-expansion@1.1.15 from lock file\nnpm error Missing: concat-map@0.0.1 from lock file\nnpm error\nnpm error Clean install a project\nnpm error\nnpm error Usage:\nnpm error npm ci\nnpm error\nnpm error Options:\nnpm error [--install-strategy <hoisted|nested|shallow|linked>] [--legacy-bundling]\nnpm error [--global-style] [--omit <dev|optional|peer> [--omit <dev|optional|peer> ...]]\nnpm error [--include <prod|dev|optional|peer> [--include <prod|dev|optional|peer> ...]]\nnpm error [--strict-peer-deps] [--foreground-scripts] [--ignore-scripts] [--no-audit]\nnpm error [--no-bin-links] [--no-fund] [--dry-run]\nnpm error [-w|--workspace <workspace-name> [-w|--workspace <workspace-name> ...]]\nnpm error [-ws|--workspaces] [--include-workspace-root] [--install-links]\nnpm error\nnpm error aliases: clean-install, ic, install-clean, isntall-clean\nnpm error\nnpm error Run \"npm help ci\" for more info\nnpm error A complete log of this run can be found in: /www-data-home/.npm/_logs/2026-06-11T15_07_25_190Z-debug-0.log. For more details see the logs at https://console.cloud.google.com/cloud-build/builds;region=us-central1/4dd1c77d-a9f6-4279-8f7f-516ee47934b2?project=485923941686."}}
[debug] [2026-06-11T15:08:09.864Z] Got source token undefined for region us-central1
[error] Build failed with status: FAILURE and message: npm error code EUSAGE
npm error
npm error `npm ci` can only install packages when your package.json and package-lock.json or npm-shrinkwrap.json are in sync. Please update your lock file with `npm install` before continuing.
npm error
npm error Missing: jest@30.4.2 from lock file
npm error Missing: @jest/core@30.4.2 from lock file
npm error Missing: @jest/types@30.4.1 from lock file
npm error Missing: import-local@3.2.0 from lock file
npm error Missing: jest-cli@30.4.2 from lock file
npm error Missing: @jest/console@30.4.1 from lock file
npm error Missing: @jest/pattern@30.4.0 from lock file
npm error Missing: @jest/reporters@30.4.1 from lock file
npm error Missing: @jest/test-result@30.4.1 from lock file
npm error Missing: @jest/transform@30.4.1 from lock file
npm error Missing: ansi-escapes@4.3.2 from lock file
npm error Missing: chalk@4.1.2 from lock file
npm error Missing: ci-info@4.4.0 from lock file
npm error Missing: exit-x@0.2.2 from lock file
npm error Missing: fast-json-stable-stringify@2.1.0 from lock file
npm error Missing: graceful-fs@4.2.11 from lock file
npm error Missing: jest-changed-files@30.4.1 from lock file
npm error Missing: jest-config@30.4.2 from lock file
npm error Missing: jest-haste-map@30.4.1 from lock file
npm error Missing: jest-message-util@30.4.1 from lock file
npm error Missing: jest-regex-util@30.4.0 from lock file
npm error Missing: jest-resolve@30.4.1 from lock file
npm error Missing: jest-resolve-dependencies@30.4.2 from lock file
npm error Missing: jest-runner@30.4.2 from lock file
npm error Missing: jest-runtime@30.4.2 from lock file
npm error Missing: jest-snapshot@30.4.1 from lock file
npm error Missing: jest-util@30.4.1 from lock file
npm error Missing: jest-validate@30.4.1 from lock file
npm error Missing: jest-watcher@30.4.1 from lock file
npm error Missing: pretty-format@30.4.1 from lock file
npm error Missing: slash@3.0.0 from lock file
npm error Missing: @bcoe/v8-coverage@0.2.3 from lock file
npm error Missing: @jridgewell/trace-mapping@0.3.31 from lock file
npm error Missing: collect-v8-coverage@1.0.3 from lock file
npm error Missing: glob@10.5.0 from lock file
npm error Missing: istanbul-lib-coverage@3.2.2 from lock file
npm error Missing: istanbul-lib-instrument@6.0.3 from lock file
npm error Missing: istanbul-lib-report@3.0.1 from lock file
npm error Missing: istanbul-lib-source-maps@5.0.6 from lock file
npm error Missing: istanbul-reports@3.2.0 from lock file
npm error Missing: jest-worker@30.4.1 from lock file
npm error Missing: string-length@4.0.2 from lock file
npm error Missing: v8-to-istanbul@9.3.0 from lock file
npm error Missing: @types/istanbul-lib-coverage@2.0.6 from lock file
npm error Missing: @babel/core@7.29.7 from lock file
npm error Missing: babel-plugin-istanbul@7.0.1 from lock file
npm error Missing: convert-source-map@2.0.0 from lock file
npm error Missing: pirates@4.0.7 from lock file
npm error Missing: write-file-atomic@5.0.1 from lock file
npm error Missing: @babel/code-frame@7.29.7 from lock file
npm error Missing: @babel/generator@7.29.7 from lock file
npm error Missing: @babel/helper-compilation-targets@7.29.7 from lock file
npm error Missing: @babel/helper-module-transforms@7.29.7 from lock file
npm error Missing: @babel/helpers@7.29.7 from lock file
npm error Missing: @babel/parser@7.29.7 from lock file
npm error Missing: @babel/template@7.29.7 from lock file
npm error Missing: @babel/traverse@7.29.7 from lock file
npm error Missing: @babel/types@7.29.7 from lock file
npm error Missing: @jridgewell/remapping@2.3.5 from lock file
npm error Missing: debug@4.4.3 from lock file
npm error Missing: gensync@1.0.0-beta.2 from lock file
npm error Missing: json5@2.2.3 from lock file
npm error Missing: semver@6.3.1 from lock file
npm error Missing: @babel/helper-validator-identifier@7.29.7 from lock file
npm error Missing: js-tokens@4.0.0 from lock file
npm error Missing: picocolors@1.1.1 from lock file
npm error Missing: @jridgewell/gen-mapping@0.3.13 from lock file
npm error Missing: jsesc@3.1.0 from lock file
npm error Missing: @babel/compat-data@7.29.7 from lock file
npm error Missing: @babel/helper-validator-option@7.29.7 from lock file
npm error Missing: browserslist@4.28.2 from lock file
npm error Missing: lru-cache@5.1.1 from lock file
npm error Missing: semver@6.3.1 from lock file
npm error Missing: @babel/helper-module-imports@7.29.7 from lock file
npm error Missing: @babel/helper-globals@7.29.7 from lock file
npm error Missing: debug@4.4.3 from lock file
npm error Missing: @babel/helper-string-parser@7.29.7 from lock file
npm error Missing: @jest/schemas@30.4.1 from lock file
npm error Missing: @types/istanbul-reports@3.0.4 from lock file
npm error Missing: @types/yargs@17.0.35 from lock file
npm error Missing: @sinclair/typebox@0.34.49 from lock file
npm error Missing: @jridgewell/sourcemap-codec@1.5.5 from lock file
npm error Missing: @jridgewell/resolve-uri@3.1.2 from lock file
npm error Missing: @types/istanbul-lib-report@3.0.3 from lock file
npm error Missing: @types/yargs-parser@21.0.3 from lock file
npm error Missing: type-fest@0.21.3 from lock file
npm error Missing: @babel/helper-plugin-utils@7.29.7 from lock file
npm error Missing: @istanbuljs/load-nyc-config@1.1.0 from lock file
npm error Missing: @istanbuljs/schema@0.1.6 from lock file
npm error Missing: test-exclude@6.0.0 from lock file
npm error Missing: camelcase@5.3.1 from lock file
npm error Missing: find-up@4.1.0 from lock file
npm error Missing: get-package-type@0.1.0 from lock file
npm error Missing: js-yaml@3.14.2 from lock file
npm error Missing: resolve-from@5.0.0 from lock file
npm error Missing: baseline-browser-mapping@2.10.35 from lock file
npm error Missing: caniuse-lite@1.0.30001799 from lock file
npm error Missing: electron-to-chromium@1.5.371 from lock file
npm error Missing: node-releases@2.0.47 from lock file
npm error Missing: update-browserslist-db@1.2.3 from lock file
npm error Missing: supports-color@7.2.0 from lock file
npm error Missing: locate-path@5.0.0 from lock file
npm error Missing: path-exists@4.0.0 from lock file
npm error Missing: foreground-child@3.3.1 from lock file
npm error Missing: jackspeak@3.4.3 from lock file
npm error Missing: minimatch@9.0.9 from lock file
npm error Missing: minipass@7.1.3 from lock file
npm error Missing: package-json-from-dist@1.0.1 from lock file
npm error Missing: path-scurry@1.11.1 from lock file
npm error Missing: cross-spawn@7.0.6 from lock file
npm error Missing: signal-exit@4.1.0 from lock file
npm error Missing: path-key@3.1.1 from lock file
npm error Missing: shebang-command@2.0.0 from lock file
npm error Missing: which@2.0.2 from lock file
npm error Missing: pkg-dir@4.2.0 from lock file
npm error Missing: resolve-cwd@3.0.0 from lock file
npm error Missing: make-dir@4.0.0 from lock file
npm error Missing: debug@4.4.3 from lock file
npm error Missing: html-escaper@2.0.2 from lock file
npm error Missing: @isaacs/cliui@8.0.2 from lock file
npm error Missing: @pkgjs/parseargs@0.11.0 from lock file
npm error Missing: string-width@5.1.2 from lock file
npm error Missing: string-width-cjs@4.2.3 from lock file
npm error Missing: strip-ansi@7.2.0 from lock file
npm error Missing: strip-ansi-cjs@6.0.1 from lock file
npm error Missing: wrap-ansi@8.1.0 from lock file
npm error Missing: wrap-ansi-cjs@7.0.0 from lock file
npm error Missing: execa@5.1.1 from lock file
npm error Missing: get-stream@6.0.1 from lock file
npm error Missing: human-signals@2.1.0 from lock file
npm error Missing: merge-stream@2.0.0 from lock file
npm error Missing: npm-run-path@4.0.1 from lock file
npm error Missing: onetime@5.1.2 from lock file
npm error Missing: signal-exit@3.0.7 from lock file
npm error Missing: strip-final-newline@2.0.0 from lock file
npm error Missing: @jest/get-type@30.1.0 from lock file
npm error Missing: @jest/test-sequencer@30.4.1 from lock file
npm error Missing: babel-jest@30.4.1 from lock file
npm error Missing: deepmerge@4.3.1 from lock file
npm error Missing: jest-circus@30.4.2 from lock file
npm error Missing: jest-docblock@30.4.0 from lock file
npm error Missing: jest-environment-node@30.4.1 from lock file
npm error Missing: parse-json@5.2.0 from lock file
npm error Missing: strip-json-comments@3.1.1 from lock file
npm error Missing: @types/babel__core@7.20.5 from lock file
npm error Missing: babel-preset-jest@30.4.0 from lock file
npm error Missing: @types/babel__generator@7.27.0 from lock file
npm error Missing: @types/babel__template@7.4.4 from lock file
npm error Missing: @types/babel__traverse@7.28.0 from lock file
npm error Missing: babel-plugin-jest-hoist@30.4.0 from lock file
npm error Missing: babel-preset-current-node-syntax@1.2.0 from lock file
npm error Missing: @babel/plugin-syntax-async-generators@7.8.4 from lock file
npm error Missing: @babel/plugin-syntax-bigint@7.8.3 from lock file
npm error Missing: @babel/plugin-syntax-class-properties@7.12.13 from lock file
npm error Missing: @babel/plugin-syntax-class-static-block@7.14.5 from lock file
npm error Missing: @babel/plugin-syntax-import-attributes@7.29.7 from lock file
npm error Missing: @babel/plugin-syntax-import-meta@7.10.4 from lock file
npm error Missing: @babel/plugin-syntax-json-strings@7.8.3 from lock file
npm error Missing: @babel/plugin-syntax-logical-assignment-operators@7.10.4 from lock file
npm error Missing: @babel/plugin-syntax-nullish-coalescing-operator@7.8.3 from lock file
npm error Missing: @babel/plugin-syntax-numeric-separator@7.10.4 from lock file
npm error Missing: @babel/plugin-syntax-object-rest-spread@7.8.3 from lock file
npm error Missing: @babel/plugin-syntax-optional-catch-binding@7.8.3 from lock file
npm error Missing: @babel/plugin-syntax-optional-chaining@7.8.3 from lock file
npm error Missing: @babel/plugin-syntax-private-property-in-object@7.14.5 from lock file
npm error Missing: @babel/plugin-syntax-top-level-await@7.14.5 from lock file
npm error Missing: @jest/environment@30.4.1 from lock file
npm error Missing: @jest/expect@30.4.1 from lock file
npm error Missing: co@4.6.0 from lock file
npm error Missing: dedent@1.7.2 from lock file
npm error Missing: is-generator-fn@2.1.0 from lock file
npm error Missing: jest-each@30.4.1 from lock file
npm error Missing: jest-matcher-utils@30.4.1 from lock file
npm error Missing: pure-rand@7.0.1 from lock file
npm error Missing: stack-utils@2.0.6 from lock file
npm error Missing: @jest/fake-timers@30.4.1 from lock file
npm error Missing: jest-mock@30.4.1 from lock file
npm error Missing: expect@30.4.1 from lock file
npm error Missing: @sinonjs/fake-timers@15.4.0 from lock file
npm error Missing: @sinonjs/commons@3.0.1 from lock file
npm error Missing: type-detect@4.0.8 from lock file
npm error Missing: @jest/expect-utils@30.4.1 from lock file
npm error Missing: detect-newline@3.1.0 from lock file
npm error Missing: anymatch@3.1.3 from lock file
npm error Missing: fb-watchman@2.0.2 from lock file
npm error Missing: fsevents@2.3.3 from lock file
npm error Missing: picomatch@4.0.4 from lock file
npm error Missing: walker@1.0.8 from lock file
npm error Missing: normalize-path@3.0.0 from lock file
npm error Missing: picomatch@2.3.2 from lock file
npm error Missing: bser@2.1.1 from lock file
npm error Missing: node-int64@0.4.0 from lock file
npm error Missing: jest-diff@30.4.1 from lock file
npm error Missing: @jest/diff-sequences@30.4.0 from lock file
npm error Missing: @types/stack-utils@2.0.3 from lock file
npm error Missing: jest-pnp-resolver@1.2.3 from lock file
npm error Missing: unrs-resolver@1.12.2 from lock file
npm error Missing: emittery@0.13.1 from lock file
npm error Missing: jest-leak-detector@30.4.1 from lock file
npm error Missing: source-map-support@0.5.13 from lock file
npm error Missing: @jest/globals@30.4.1 from lock file
npm error Missing: @jest/source-map@30.0.1 from lock file
npm error Missing: cjs-module-lexer@2.2.0 from lock file
npm error Missing: strip-bom@4.0.0 from lock file
npm error Missing: callsites@3.1.0 from lock file
npm error Missing: @babel/plugin-syntax-jsx@7.29.7 from lock file
npm error Missing: @babel/plugin-syntax-typescript@7.29.7 from lock file
npm error Missing: @jest/snapshot-utils@30.4.1 from lock file
npm error Missing: synckit@0.11.13 from lock file
npm error Missing: natural-compare@1.4.0 from lock file
npm error Missing: camelcase@6.3.0 from lock file
npm error Missing: leven@3.1.0 from lock file
npm error Missing: @ungap/structured-clone@1.3.1 from lock file
npm error Missing: supports-color@8.1.1 from lock file
npm error Missing: argparse@1.0.10 from lock file
npm error Missing: esprima@4.0.1 from lock file
npm error Missing: sprintf-js@1.0.3 from lock file
npm error Missing: p-locate@4.1.0 from lock file
npm error Missing: brace-expansion@2.1.1 from lock file
npm error Missing: balanced-match@1.0.2 from lock file
npm error Missing: mimic-fn@2.1.0 from lock file
npm error Missing: p-limit@2.3.0 from lock file
npm error Missing: error-ex@1.3.4 from lock file
npm error Missing: json-parse-even-better-errors@2.3.1 from lock file
npm error Missing: lines-and-columns@1.2.4 from lock file
npm error Missing: is-arrayish@0.2.1 from lock file
npm error Missing: lru-cache@10.4.3 from lock file
npm error Missing: ansi-styles@5.2.0 from lock file
npm error Missing: react-is-18@18.3.1 from lock file
npm error Missing: react-is-19@19.2.7 from lock file
npm error Missing: shebang-regex@3.0.0 from lock file
npm error Missing: buffer-from@1.1.2 from lock file
npm error Missing: source-map@0.6.1 from lock file
npm error Missing: escape-string-regexp@2.0.0 from lock file
npm error Missing: char-regex@1.0.2 from lock file
npm error Missing: has-flag@4.0.0 from lock file
npm error Missing: @pkgr/core@0.3.6 from lock file
npm error Missing: glob@7.2.3 from lock file
npm error Missing: minimatch@3.1.5 from lock file
npm error Missing: @unrs/resolver-binding-android-arm-eabi@1.12.2 from lock file
npm error Missing: @unrs/resolver-binding-android-arm64@1.12.2 from lock file
npm error Missing: @unrs/resolver-binding-darwin-arm64@1.12.2 from lock file
npm error Missing: @unrs/resolver-binding-darwin-x64@1.12.2 from lock file
npm error Missing: @unrs/resolver-binding-freebsd-x64@1.12.2 from lock file
npm error Missing: @unrs/resolver-binding-linux-arm-gnueabihf@1.12.2 from lock file
npm error Missing: @unrs/resolver-binding-linux-arm-musleabihf@1.12.2 from lock file
npm error Missing: @unrs/resolver-binding-linux-arm64-gnu@1.12.2 from lock file
npm error Missing: @unrs/resolver-binding-linux-arm64-musl@1.12.2 from lock file
npm error Missing: @unrs/resolver-binding-linux-loong64-gnu@1.12.2 from lock file
npm error Missing: @unrs/resolver-binding-linux-loong64-musl@1.12.2 from lock file
npm error Missing: @unrs/resolver-binding-linux-ppc64-gnu@1.12.2 from lock file
npm error Missing: @unrs/resolver-binding-linux-riscv64-gnu@1.12.2 from lock file
npm error Missing: @unrs/resolver-binding-linux-riscv64-musl@1.12.2 from lock file
npm error Missing: @unrs/resolver-binding-linux-s390x-gnu@1.12.2 from lock file
npm error Missing: @unrs/resolver-binding-linux-x64-gnu@1.12.2 from lock file
npm error Missing: @unrs/resolver-binding-linux-x64-musl@1.12.2 from lock file
npm error Missing: @unrs/resolver-binding-openharmony-arm64@1.12.2 from lock file
npm error Missing: @unrs/resolver-binding-wasm32-wasi@1.12.2 from lock file
npm error Missing: @unrs/resolver-binding-win32-arm64-msvc@1.12.2 from lock file
npm error Missing: @unrs/resolver-binding-win32-ia32-msvc@1.12.2 from lock file
npm error Missing: @unrs/resolver-binding-win32-x64-msvc@1.12.2 from lock file
npm error Missing: napi-postinstall@0.3.4 from lock file
npm error Missing: @emnapi/core@1.10.0 from lock file
npm error Missing: @emnapi/runtime@1.10.0 from lock file
npm error Missing: @napi-rs/wasm-runtime@1.1.5 from lock file
npm error Missing: @emnapi/wasi-threads@1.2.1 from lock file
npm error Missing: @tybys/wasm-util@0.10.2 from lock file
npm error Missing: makeerror@1.0.12 from lock file
npm error Missing: tmpl@1.0.5 from lock file
npm error Missing: isexe@2.0.0 from lock file
npm error Missing: imurmurhash@0.1.4 from lock file
npm error Missing: ms@2.1.3 from lock file
npm error Missing: yallist@3.1.1 from lock file
npm error Missing: ms@2.1.3 from lock file
npm error Missing: eastasianwidth@0.2.0 from lock file
npm error Missing: emoji-regex@9.2.2 from lock file
npm error Missing: ansi-regex@6.2.2 from lock file
npm error Missing: ansi-styles@6.2.3 from lock file
npm error Missing: ms@2.1.3 from lock file
npm error Missing: p-try@2.2.0 from lock file
npm error Missing: fs.realpath@1.0.0 from lock file
npm error Missing: inflight@1.0.6 from lock file
npm error Missing: path-is-absolute@1.0.1 from lock file
npm error Missing: brace-expansion@1.1.15 from lock file
npm error Missing: concat-map@0.0.1 from lock file
npm error
npm error Clean install a project
npm error
npm error Usage:
npm error npm ci
npm error
npm error Options:
npm error [--install-strategy <hoisted|nested|shallow|linked>] [--legacy-bundling]
npm error [--global-style] [--omit <dev|optional|peer> [--omit <dev|optional|peer> ...]]
npm error [--include <prod|dev|optional|peer> [--include <prod|dev|optional|peer> ...]]
npm error [--strict-peer-deps] [--foreground-scripts] [--ignore-scripts] [--no-audit]
npm error [--no-bin-links] [--no-fund] [--dry-run]
npm error [-w|--workspace <workspace-name> [-w|--workspace <workspace-name> ...]]
npm error [-ws|--workspaces] [--include-workspace-root] [--install-links]
npm error
npm error aliases: clean-install, ic, install-clean, isntall-clean
npm error
npm error Run "npm help ci" for more info
npm error A complete log of this run can be found in: /www-data-home/.npm/_logs/2026-06-11T15_07_25_190Z-debug-0.log. For more details see the logs at https://console.cloud.google.com/cloud-build/builds;region=us-central1/4dd1c77d-a9f6-4279-8f7f-516ee47934b2?project=485923941686.
[warn] ⚠  functions: Deploys failed. Skipping deletes. 
[debug] [2026-06-11T15:08:09.871Z] Total Function Deployment time: 59243
[debug] [2026-06-11T15:08:09.871Z] 1 Functions Deployed
[debug] [2026-06-11T15:08:09.871Z] 1 Functions Errored
[debug] [2026-06-11T15:08:09.871Z] 0 Function Deployments Aborted
[debug] [2026-06-11T15:08:09.871Z] Average Function Deployment time: 59242
[info] 
[info] Functions deploy had errors with the following functions:
	submit(us-central1)
[debug] [2026-06-11T15:08:09.873Z] Not printing URL for HTTPS function. Typically this means it didn't match a filter or we failed deployment
[debug] [2026-06-11T15:08:09.873Z] Checked if tokens are valid: true, expires at: 1781192335716
[debug] [2026-06-11T15:08:09.873Z] Checked if tokens are valid: true, expires at: 1781192335716
[debug] [2026-06-11T15:08:09.874Z] >>> [apiv2][query] GET https://artifactregistry.googleapis.com/v1/projects/diegomaquillportfolio/locations/us-central1/repositories/gcf-artifacts [none]
[debug] [2026-06-11T15:08:10.680Z] <<< [apiv2][status] GET https://artifactregistry.googleapis.com/v1/projects/diegomaquillportfolio/locations/us-central1/repositories/gcf-artifacts 200
[debug] [2026-06-11T15:08:10.681Z] <<< [apiv2][body] GET https://artifactregistry.googleapis.com/v1/projects/diegomaquillportfolio/locations/us-central1/repositories/gcf-artifacts {"name":"projects/diegomaquillportfolio/locations/us-central1/repositories/gcf-artifacts","format":"DOCKER","description":"This repository is created and used by Cloud Functions for storing function docker images.","labels":{"goog-managed-by":"cloudfunctions"},"createTime":"2026-06-11T01:31:07.769014Z","updateTime":"2026-06-11T01:36:32.898038Z","mode":"STANDARD_REPOSITORY","cleanupPolicies":{"firebase-functions-cleanup":{"id":"firebase-functions-cleanup","action":"DELETE","condition":{"tagState":"ANY","olderThan":"604800s"}}},"vulnerabilityScanningConfig":{"lastEnableTime":"2026-06-11T01:30:59.381338560Z","enablementState":"SCANNING_DISABLED","enablementStateReason":"API containerscanning.googleapis.com is not enabled."},"satisfiesPzi":true,"registryUri":"us-central1-docker.pkg.dev/diegomaquillportfolio/gcf-artifacts"}
[debug] [2026-06-11T15:08:10.681Z] Functions deploy failed.
[debug] [2026-06-11T15:08:10.682Z] {
  "endpoint": {
    "id": "submit",
    "project": "diegomaquillportfolio",
    "region": "us-central1",
    "entryPoint": "submit",
    "platform": "gcfv2",
    "runtime": "nodejs22",
    "httpsTrigger": {},
    "labels": {
      "deployment-tool": "cli-firebase"
    },
    "serviceAccount": null,
    "ingressSettings": null,
    "availableMemoryMb": null,
    "timeoutSeconds": null,
    "maxInstances": null,
    "minInstances": null,
    "concurrency": 80,
    "vpc": null,
    "environmentVariables": {
      "FIREBASE_CONFIG": "{\"projectId\":\"diegomaquillportfolio\",\"storageBucket\":\"diegomaquillportfolio.firebasestorage.app\"}",
      "GCLOUD_PROJECT": "diegomaquillportfolio",
      "EVENTARC_CLOUD_EVENT_SOURCE": "projects/diegomaquillportfolio/locations/us-central1/services/submit"
    },
    "codebase": "default",
    "securityLevel": "SECURE_ALWAYS",
    "cpu": 1,
    "targetedByOnly": false,
    "hash": "5a092bdc74da9205f563c69429c72ed5da63450a"
  },
  "op": "update",
  "original": {
    "name": "FirebaseError",
    "children": [],
    "exit": 1,
    "message": "Build failed with status: FAILURE and message: npm error code EUSAGE\nnpm error\nnpm error `npm ci` can only install packages when your package.json and package-lock.json or npm-shrinkwrap.json are in sync. Please update your lock file with `npm install` before continuing.\nnpm error\nnpm error Missing: jest@30.4.2 from lock file\nnpm error Missing: @jest/core@30.4.2 from lock file\nnpm error Missing: @jest/types@30.4.1 from lock file\nnpm error Missing: import-local@3.2.0 from lock file\nnpm error Missing: jest-cli@30.4.2 from lock file\nnpm error Missing: @jest/console@30.4.1 from lock file\nnpm error Missing: @jest/pattern@30.4.0 from lock file\nnpm error Missing: @jest/reporters@30.4.1 from lock file\nnpm error Missing: @jest/test-result@30.4.1 from lock file\nnpm error Missing: @jest/transform@30.4.1 from lock file\nnpm error Missing: ansi-escapes@4.3.2 from lock file\nnpm error Missing: chalk@4.1.2 from lock file\nnpm error Missing: ci-info@4.4.0 from lock file\nnpm error Missing: exit-x@0.2.2 from lock file\nnpm error Missing: fast-json-stable-stringify@2.1.0 from lock file\nnpm error Missing: graceful-fs@4.2.11 from lock file\nnpm error Missing: jest-changed-files@30.4.1 from lock file\nnpm error Missing: jest-config@30.4.2 from lock file\nnpm error Missing: jest-haste-map@30.4.1 from lock file\nnpm error Missing: jest-message-util@30.4.1 from lock file\nnpm error Missing: jest-regex-util@30.4.0 from lock file\nnpm error Missing: jest-resolve@30.4.1 from lock file\nnpm error Missing: jest-resolve-dependencies@30.4.2 from lock file\nnpm error Missing: jest-runner@30.4.2 from lock file\nnpm error Missing: jest-runtime@30.4.2 from lock file\nnpm error Missing: jest-snapshot@30.4.1 from lock file\nnpm error Missing: jest-util@30.4.1 from lock file\nnpm error Missing: jest-validate@30.4.1 from lock file\nnpm error Missing: jest-watcher@30.4.1 from lock file\nnpm error Missing: pretty-format@30.4.1 from lock file\nnpm error Missing: slash@3.0.0 from lock file\nnpm error Missing: @bcoe/v8-coverage@0.2.3 from lock file\nnpm error Missing: @jridgewell/trace-mapping@0.3.31 from lock file\nnpm error Missing: collect-v8-coverage@1.0.3 from lock file\nnpm error Missing: glob@10.5.0 from lock file\nnpm error Missing: istanbul-lib-coverage@3.2.2 from lock file\nnpm error Missing: istanbul-lib-instrument@6.0.3 from lock file\nnpm error Missing: istanbul-lib-report@3.0.1 from lock file\nnpm error Missing: istanbul-lib-source-maps@5.0.6 from lock file\nnpm error Missing: istanbul-reports@3.2.0 from lock file\nnpm error Missing: jest-worker@30.4.1 from lock file\nnpm error Missing: string-length@4.0.2 from lock file\nnpm error Missing: v8-to-istanbul@9.3.0 from lock file\nnpm error Missing: @types/istanbul-lib-coverage@2.0.6 from lock file\nnpm error Missing: @babel/core@7.29.7 from lock file\nnpm error Missing: babel-plugin-istanbul@7.0.1 from lock file\nnpm error Missing: convert-source-map@2.0.0 from lock file\nnpm error Missing: pirates@4.0.7 from lock file\nnpm error Missing: write-file-atomic@5.0.1 from lock file\nnpm error Missing: @babel/code-frame@7.29.7 from lock file\nnpm error Missing: @babel/generator@7.29.7 from lock file\nnpm error Missing: @babel/helper-compilation-targets@7.29.7 from lock file\nnpm error Missing: @babel/helper-module-transforms@7.29.7 from lock file\nnpm error Missing: @babel/helpers@7.29.7 from lock file\nnpm error Missing: @babel/parser@7.29.7 from lock file\nnpm error Missing: @babel/template@7.29.7 from lock file\nnpm error Missing: @babel/traverse@7.29.7 from lock file\nnpm error Missing: @babel/types@7.29.7 from lock file\nnpm error Missing: @jridgewell/remapping@2.3.5 from lock file\nnpm error Missing: debug@4.4.3 from lock file\nnpm error Missing: gensync@1.0.0-beta.2 from lock file\nnpm error Missing: json5@2.2.3 from lock file\nnpm error Missing: semver@6.3.1 from lock file\nnpm error Missing: @babel/helper-validator-identifier@7.29.7 from lock file\nnpm error Missing: js-tokens@4.0.0 from lock file\nnpm error Missing: picocolors@1.1.1 from lock file\nnpm error Missing: @jridgewell/gen-mapping@0.3.13 from lock file\nnpm error Missing: jsesc@3.1.0 from lock file\nnpm error Missing: @babel/compat-data@7.29.7 from lock file\nnpm error Missing: @babel/helper-validator-option@7.29.7 from lock file\nnpm error Missing: browserslist@4.28.2 from lock file\nnpm error Missing: lru-cache@5.1.1 from lock file\nnpm error Missing: semver@6.3.1 from lock file\nnpm error Missing: @babel/helper-module-imports@7.29.7 from lock file\nnpm error Missing: @babel/helper-globals@7.29.7 from lock file\nnpm error Missing: debug@4.4.3 from lock file\nnpm error Missing: @babel/helper-string-parser@7.29.7 from lock file\nnpm error Missing: @jest/schemas@30.4.1 from lock file\nnpm error Missing: @types/istanbul-reports@3.0.4 from lock file\nnpm error Missing: @types/yargs@17.0.35 from lock file\nnpm error Missing: @sinclair/typebox@0.34.49 from lock file\nnpm error Missing: @jridgewell/sourcemap-codec@1.5.5 from lock file\nnpm error Missing: @jridgewell/resolve-uri@3.1.2 from lock file\nnpm error Missing: @types/istanbul-lib-report@3.0.3 from lock file\nnpm error Missing: @types/yargs-parser@21.0.3 from lock file\nnpm error Missing: type-fest@0.21.3 from lock file\nnpm error Missing: @babel/helper-plugin-utils@7.29.7 from lock file\nnpm error Missing: @istanbuljs/load-nyc-config@1.1.0 from lock file\nnpm error Missing: @istanbuljs/schema@0.1.6 from lock file\nnpm error Missing: test-exclude@6.0.0 from lock file\nnpm error Missing: camelcase@5.3.1 from lock file\nnpm error Missing: find-up@4.1.0 from lock file\nnpm error Missing: get-package-type@0.1.0 from lock file\nnpm error Missing: js-yaml@3.14.2 from lock file\nnpm error Missing: resolve-from@5.0.0 from lock file\nnpm error Missing: baseline-browser-mapping@2.10.35 from lock file\nnpm error Missing: caniuse-lite@1.0.30001799 from lock file\nnpm error Missing: electron-to-chromium@1.5.371 from lock file\nnpm error Missing: node-releases@2.0.47 from lock file\nnpm error Missing: update-browserslist-db@1.2.3 from lock file\nnpm error Missing: supports-color@7.2.0 from lock file\nnpm error Missing: locate-path@5.0.0 from lock file\nnpm error Missing: path-exists@4.0.0 from lock file\nnpm error Missing: foreground-child@3.3.1 from lock file\nnpm error Missing: jackspeak@3.4.3 from lock file\nnpm error Missing: minimatch@9.0.9 from lock file\nnpm error Missing: minipass@7.1.3 from lock file\nnpm error Missing: package-json-from-dist@1.0.1 from lock file\nnpm error Missing: path-scurry@1.11.1 from lock file\nnpm error Missing: cross-spawn@7.0.6 from lock file\nnpm error Missing: signal-exit@4.1.0 from lock file\nnpm error Missing: path-key@3.1.1 from lock file\nnpm error Missing: shebang-command@2.0.0 from lock file\nnpm error Missing: which@2.0.2 from lock file\nnpm error Missing: pkg-dir@4.2.0 from lock file\nnpm error Missing: resolve-cwd@3.0.0 from lock file\nnpm error Missing: make-dir@4.0.0 from lock file\nnpm error Missing: debug@4.4.3 from lock file\nnpm error Missing: html-escaper@2.0.2 from lock file\nnpm error Missing: @isaacs/cliui@8.0.2 from lock file\nnpm error Missing: @pkgjs/parseargs@0.11.0 from lock file\nnpm error Missing: string-width@5.1.2 from lock file\nnpm error Missing: string-width-cjs@4.2.3 from lock file\nnpm error Missing: strip-ansi@7.2.0 from lock file\nnpm error Missing: strip-ansi-cjs@6.0.1 from lock file\nnpm error Missing: wrap-ansi@8.1.0 from lock file\nnpm error Missing: wrap-ansi-cjs@7.0.0 from lock file\nnpm error Missing: execa@5.1.1 from lock file\nnpm error Missing: get-stream@6.0.1 from lock file\nnpm error Missing: human-signals@2.1.0 from lock file\nnpm error Missing: merge-stream@2.0.0 from lock file\nnpm error Missing: npm-run-path@4.0.1 from lock file\nnpm error Missing: onetime@5.1.2 from lock file\nnpm error Missing: signal-exit@3.0.7 from lock file\nnpm error Missing: strip-final-newline@2.0.0 from lock file\nnpm error Missing: @jest/get-type@30.1.0 from lock file\nnpm error Missing: @jest/test-sequencer@30.4.1 from lock file\nnpm error Missing: babel-jest@30.4.1 from lock file\nnpm error Missing: deepmerge@4.3.1 from lock file\nnpm error Missing: jest-circus@30.4.2 from lock file\nnpm error Missing: jest-docblock@30.4.0 from lock file\nnpm error Missing: jest-environment-node@30.4.1 from lock file\nnpm error Missing: parse-json@5.2.0 from lock file\nnpm error Missing: strip-json-comments@3.1.1 from lock file\nnpm error Missing: @types/babel__core@7.20.5 from lock file\nnpm error Missing: babel-preset-jest@30.4.0 from lock file\nnpm error Missing: @types/babel__generator@7.27.0 from lock file\nnpm error Missing: @types/babel__template@7.4.4 from lock file\nnpm error Missing: @types/babel__traverse@7.28.0 from lock file\nnpm error Missing: babel-plugin-jest-hoist@30.4.0 from lock file\nnpm error Missing: babel-preset-current-node-syntax@1.2.0 from lock file\nnpm error Missing: @babel/plugin-syntax-async-generators@7.8.4 from lock file\nnpm error Missing: @babel/plugin-syntax-bigint@7.8.3 from lock file\nnpm error Missing: @babel/plugin-syntax-class-properties@7.12.13 from lock file\nnpm error Missing: @babel/plugin-syntax-class-static-block@7.14.5 from lock file\nnpm error Missing: @babel/plugin-syntax-import-attributes@7.29.7 from lock file\nnpm error Missing: @babel/plugin-syntax-import-meta@7.10.4 from lock file\nnpm error Missing: @babel/plugin-syntax-json-strings@7.8.3 from lock file\nnpm error Missing: @babel/plugin-syntax-logical-assignment-operators@7.10.4 from lock file\nnpm error Missing: @babel/plugin-syntax-nullish-coalescing-operator@7.8.3 from lock file\nnpm error Missing: @babel/plugin-syntax-numeric-separator@7.10.4 from lock file\nnpm error Missing: @babel/plugin-syntax-object-rest-spread@7.8.3 from lock file\nnpm error Missing: @babel/plugin-syntax-optional-catch-binding@7.8.3 from lock file\nnpm error Missing: @babel/plugin-syntax-optional-chaining@7.8.3 from lock file\nnpm error Missing: @babel/plugin-syntax-private-property-in-object@7.14.5 from lock file\nnpm error Missing: @babel/plugin-syntax-top-level-await@7.14.5 from lock file\nnpm error Missing: @jest/environment@30.4.1 from lock file\nnpm error Missing: @jest/expect@30.4.1 from lock file\nnpm error Missing: co@4.6.0 from lock file\nnpm error Missing: dedent@1.7.2 from lock file\nnpm error Missing: is-generator-fn@2.1.0 from lock file\nnpm error Missing: jest-each@30.4.1 from lock file\nnpm error Missing: jest-matcher-utils@30.4.1 from lock file\nnpm error Missing: pure-rand@7.0.1 from lock file\nnpm error Missing: stack-utils@2.0.6 from lock file\nnpm error Missing: @jest/fake-timers@30.4.1 from lock file\nnpm error Missing: jest-mock@30.4.1 from lock file\nnpm error Missing: expect@30.4.1 from lock file\nnpm error Missing: @sinonjs/fake-timers@15.4.0 from lock file\nnpm error Missing: @sinonjs/commons@3.0.1 from lock file\nnpm error Missing: type-detect@4.0.8 from lock file\nnpm error Missing: @jest/expect-utils@30.4.1 from lock file\nnpm error Missing: detect-newline@3.1.0 from lock file\nnpm error Missing: anymatch@3.1.3 from lock file\nnpm error Missing: fb-watchman@2.0.2 from lock file\nnpm error Missing: fsevents@2.3.3 from lock file\nnpm error Missing: picomatch@4.0.4 from lock file\nnpm error Missing: walker@1.0.8 from lock file\nnpm error Missing: normalize-path@3.0.0 from lock file\nnpm error Missing: picomatch@2.3.2 from lock file\nnpm error Missing: bser@2.1.1 from lock file\nnpm error Missing: node-int64@0.4.0 from lock file\nnpm error Missing: jest-diff@30.4.1 from lock file\nnpm error Missing: @jest/diff-sequences@30.4.0 from lock file\nnpm error Missing: @types/stack-utils@2.0.3 from lock file\nnpm error Missing: jest-pnp-resolver@1.2.3 from lock file\nnpm error Missing: unrs-resolver@1.12.2 from lock file\nnpm error Missing: emittery@0.13.1 from lock file\nnpm error Missing: jest-leak-detector@30.4.1 from lock file\nnpm error Missing: source-map-support@0.5.13 from lock file\nnpm error Missing: @jest/globals@30.4.1 from lock file\nnpm error Missing: @jest/source-map@30.0.1 from lock file\nnpm error Missing: cjs-module-lexer@2.2.0 from lock file\nnpm error Missing: strip-bom@4.0.0 from lock file\nnpm error Missing: callsites@3.1.0 from lock file\nnpm error Missing: @babel/plugin-syntax-jsx@7.29.7 from lock file\nnpm error Missing: @babel/plugin-syntax-typescript@7.29.7 from lock file\nnpm error Missing: @jest/snapshot-utils@30.4.1 from lock file\nnpm error Missing: synckit@0.11.13 from lock file\nnpm error Missing: natural-compare@1.4.0 from lock file\nnpm error Missing: camelcase@6.3.0 from lock file\nnpm error Missing: leven@3.1.0 from lock file\nnpm error Missing: @ungap/structured-clone@1.3.1 from lock file\nnpm error Missing: supports-color@8.1.1 from lock file\nnpm error Missing: argparse@1.0.10 from lock file\nnpm error Missing: esprima@4.0.1 from lock file\nnpm error Missing: sprintf-js@1.0.3 from lock file\nnpm error Missing: p-locate@4.1.0 from lock file\nnpm error Missing: brace-expansion@2.1.1 from lock file\nnpm error Missing: balanced-match@1.0.2 from lock file\nnpm error Missing: mimic-fn@2.1.0 from lock file\nnpm error Missing: p-limit@2.3.0 from lock file\nnpm error Missing: error-ex@1.3.4 from lock file\nnpm error Missing: json-parse-even-better-errors@2.3.1 from lock file\nnpm error Missing: lines-and-columns@1.2.4 from lock file\nnpm error Missing: is-arrayish@0.2.1 from lock file\nnpm error Missing: lru-cache@10.4.3 from lock file\nnpm error Missing: ansi-styles@5.2.0 from lock file\nnpm error Missing: react-is-18@18.3.1 from lock file\nnpm error Missing: react-is-19@19.2.7 from lock file\nnpm error Missing: shebang-regex@3.0.0 from lock file\nnpm error Missing: buffer-from@1.1.2 from lock file\nnpm error Missing: source-map@0.6.1 from lock file\nnpm error Missing: escape-string-regexp@2.0.0 from lock file\nnpm error Missing: char-regex@1.0.2 from lock file\nnpm error Missing: has-flag@4.0.0 from lock file\nnpm error Missing: @pkgr/core@0.3.6 from lock file\nnpm error Missing: glob@7.2.3 from lock file\nnpm error Missing: minimatch@3.1.5 from lock file\nnpm error Missing: @unrs/resolver-binding-android-arm-eabi@1.12.2 from lock file\nnpm error Missing: @unrs/resolver-binding-android-arm64@1.12.2 from lock file\nnpm error Missing: @unrs/resolver-binding-darwin-arm64@1.12.2 from lock file\nnpm error Missing: @unrs/resolver-binding-darwin-x64@1.12.2 from lock file\nnpm error Missing: @unrs/resolver-binding-freebsd-x64@1.12.2 from lock file\nnpm error Missing: @unrs/resolver-binding-linux-arm-gnueabihf@1.12.2 from lock file\nnpm error Missing: @unrs/resolver-binding-linux-arm-musleabihf@1.12.2 from lock file\nnpm error Missing: @unrs/resolver-binding-linux-arm64-gnu@1.12.2 from lock file\nnpm error Missing: @unrs/resolver-binding-linux-arm64-musl@1.12.2 from lock file\nnpm error Missing: @unrs/resolver-binding-linux-loong64-gnu@1.12.2 from lock file\nnpm error Missing: @unrs/resolver-binding-linux-loong64-musl@1.12.2 from lock file\nnpm error Missing: @unrs/resolver-binding-linux-ppc64-gnu@1.12.2 from lock file\nnpm error Missing: @unrs/resolver-binding-linux-riscv64-gnu@1.12.2 from lock file\nnpm error Missing: @unrs/resolver-binding-linux-riscv64-musl@1.12.2 from lock file\nnpm error Missing: @unrs/resolver-binding-linux-s390x-gnu@1.12.2 from lock file\nnpm error Missing: @unrs/resolver-binding-linux-x64-gnu@1.12.2 from lock file\nnpm error Missing: @unrs/resolver-binding-linux-x64-musl@1.12.2 from lock file\nnpm error Missing: @unrs/resolver-binding-openharmony-arm64@1.12.2 from lock file\nnpm error Missing: @unrs/resolver-binding-wasm32-wasi@1.12.2 from lock file\nnpm error Missing: @unrs/resolver-binding-win32-arm64-msvc@1.12.2 from lock file\nnpm error Missing: @unrs/resolver-binding-win32-ia32-msvc@1.12.2 from lock file\nnpm error Missing: @unrs/resolver-binding-win32-x64-msvc@1.12.2 from lock file\nnpm error Missing: napi-postinstall@0.3.4 from lock file\nnpm error Missing: @emnapi/core@1.10.0 from lock file\nnpm error Missing: @emnapi/runtime@1.10.0 from lock file\nnpm error Missing: @napi-rs/wasm-runtime@1.1.5 from lock file\nnpm error Missing: @emnapi/wasi-threads@1.2.1 from lock file\nnpm error Missing: @tybys/wasm-util@0.10.2 from lock file\nnpm error Missing: makeerror@1.0.12 from lock file\nnpm error Missing: tmpl@1.0.5 from lock file\nnpm error Missing: isexe@2.0.0 from lock file\nnpm error Missing: imurmurhash@0.1.4 from lock file\nnpm error Missing: ms@2.1.3 from lock file\nnpm error Missing: yallist@3.1.1 from lock file\nnpm error Missing: ms@2.1.3 from lock file\nnpm error Missing: eastasianwidth@0.2.0 from lock file\nnpm error Missing: emoji-regex@9.2.2 from lock file\nnpm error Missing: ansi-regex@6.2.2 from lock file\nnpm error Missing: ansi-styles@6.2.3 from lock file\nnpm error Missing: ms@2.1.3 from lock file\nnpm error Missing: p-try@2.2.0 from lock file\nnpm error Missing: fs.realpath@1.0.0 from lock file\nnpm error Missing: inflight@1.0.6 from lock file\nnpm error Missing: path-is-absolute@1.0.1 from lock file\nnpm error Missing: brace-expansion@1.1.15 from lock file\nnpm error Missing: concat-map@0.0.1 from lock file\nnpm error\nnpm error Clean install a project\nnpm error\nnpm error Usage:\nnpm error npm ci\nnpm error\nnpm error Options:\nnpm error [--install-strategy <hoisted|nested|shallow|linked>] [--legacy-bundling]\nnpm error [--global-style] [--omit <dev|optional|peer> [--omit <dev|optional|peer> ...]]\nnpm error [--include <prod|dev|optional|peer> [--include <prod|dev|optional|peer> ...]]\nnpm error [--strict-peer-deps] [--foreground-scripts] [--ignore-scripts] [--no-audit]\nnpm error [--no-bin-links] [--no-fund] [--dry-run]\nnpm error [-w|--workspace <workspace-name> [-w|--workspace <workspace-name> ...]]\nnpm error [-ws|--workspaces] [--include-workspace-root] [--install-links]\nnpm error\nnpm error aliases: clean-install, ic, install-clean, isntall-clean\nnpm error\nnpm error Run \"npm help ci\" for more info\nnpm error A complete log of this run can be found in: /www-data-home/.npm/_logs/2026-06-11T15_07_25_190Z-debug-0.log. For more details see the logs at https://console.cloud.google.com/cloud-build/builds;region=us-central1/4dd1c77d-a9f6-4279-8f7f-516ee47934b2?project=485923941686.",
    "original": {
      "code": 3,
      "message": "Build failed with status: FAILURE and message: npm error code EUSAGE\nnpm error\nnpm error `npm ci` can only install packages when your package.json and package-lock.json or npm-shrinkwrap.json are in sync. Please update your lock file with `npm install` before continuing.\nnpm error\nnpm error Missing: jest@30.4.2 from lock file\nnpm error Missing: @jest/core@30.4.2 from lock file\nnpm error Missing: @jest/types@30.4.1 from lock file\nnpm error Missing: import-local@3.2.0 from lock file\nnpm error Missing: jest-cli@30.4.2 from lock file\nnpm error Missing: @jest/console@30.4.1 from lock file\nnpm error Missing: @jest/pattern@30.4.0 from lock file\nnpm error Missing: @jest/reporters@30.4.1 from lock file\nnpm error Missing: @jest/test-result@30.4.1 from lock file\nnpm error Missing: @jest/transform@30.4.1 from lock file\nnpm error Missing: ansi-escapes@4.3.2 from lock file\nnpm error Missing: chalk@4.1.2 from lock file\nnpm error Missing: ci-info@4.4.0 from lock file\nnpm error Missing: exit-x@0.2.2 from lock file\nnpm error Missing: fast-json-stable-stringify@2.1.0 from lock file\nnpm error Missing: graceful-fs@4.2.11 from lock file\nnpm error Missing: jest-changed-files@30.4.1 from lock file\nnpm error Missing: jest-config@30.4.2 from lock file\nnpm error Missing: jest-haste-map@30.4.1 from lock file\nnpm error Missing: jest-message-util@30.4.1 from lock file\nnpm error Missing: jest-regex-util@30.4.0 from lock file\nnpm error Missing: jest-resolve@30.4.1 from lock file\nnpm error Missing: jest-resolve-dependencies@30.4.2 from lock file\nnpm error Missing: jest-runner@30.4.2 from lock file\nnpm error Missing: jest-runtime@30.4.2 from lock file\nnpm error Missing: jest-snapshot@30.4.1 from lock file\nnpm error Missing: jest-util@30.4.1 from lock file\nnpm error Missing: jest-validate@30.4.1 from lock file\nnpm error Missing: jest-watcher@30.4.1 from lock file\nnpm error Missing: pretty-format@30.4.1 from lock file\nnpm error Missing: slash@3.0.0 from lock file\nnpm error Missing: @bcoe/v8-coverage@0.2.3 from lock file\nnpm error Missing: @jridgewell/trace-mapping@0.3.31 from lock file\nnpm error Missing: collect-v8-coverage@1.0.3 from lock file\nnpm error Missing: glob@10.5.0 from lock file\nnpm error Missing: istanbul-lib-coverage@3.2.2 from lock file\nnpm error Missing: istanbul-lib-instrument@6.0.3 from lock file\nnpm error Missing: istanbul-lib-report@3.0.1 from lock file\nnpm error Missing: istanbul-lib-source-maps@5.0.6 from lock file\nnpm error Missing: istanbul-reports@3.2.0 from lock file\nnpm error Missing: jest-worker@30.4.1 from lock file\nnpm error Missing: string-length@4.0.2 from lock file\nnpm error Missing: v8-to-istanbul@9.3.0 from lock file\nnpm error Missing: @types/istanbul-lib-coverage@2.0.6 from lock file\nnpm error Missing: @babel/core@7.29.7 from lock file\nnpm error Missing: babel-plugin-istanbul@7.0.1 from lock file\nnpm error Missing: convert-source-map@2.0.0 from lock file\nnpm error Missing: pirates@4.0.7 from lock file\nnpm error Missing: write-file-atomic@5.0.1 from lock file\nnpm error Missing: @babel/code-frame@7.29.7 from lock file\nnpm error Missing: @babel/generator@7.29.7 from lock file\nnpm error Missing: @babel/helper-compilation-targets@7.29.7 from lock file\nnpm error Missing: @babel/helper-module-transforms@7.29.7 from lock file\nnpm error Missing: @babel/helpers@7.29.7 from lock file\nnpm error Missing: @babel/parser@7.29.7 from lock file\nnpm error Missing: @babel/template@7.29.7 from lock file\nnpm error Missing: @babel/traverse@7.29.7 from lock file\nnpm error Missing: @babel/types@7.29.7 from lock file\nnpm error Missing: @jridgewell/remapping@2.3.5 from lock file\nnpm error Missing: debug@4.4.3 from lock file\nnpm error Missing: gensync@1.0.0-beta.2 from lock file\nnpm error Missing: json5@2.2.3 from lock file\nnpm error Missing: semver@6.3.1 from lock file\nnpm error Missing: @babel/helper-validator-identifier@7.29.7 from lock file\nnpm error Missing: js-tokens@4.0.0 from lock file\nnpm error Missing: picocolors@1.1.1 from lock file\nnpm error Missing: @jridgewell/gen-mapping@0.3.13 from lock file\nnpm error Missing: jsesc@3.1.0 from lock file\nnpm error Missing: @babel/compat-data@7.29.7 from lock file\nnpm error Missing: @babel/helper-validator-option@7.29.7 from lock file\nnpm error Missing: browserslist@4.28.2 from lock file\nnpm error Missing: lru-cache@5.1.1 from lock file\nnpm error Missing: semver@6.3.1 from lock file\nnpm error Missing: @babel/helper-module-imports@7.29.7 from lock file\nnpm error Missing: @babel/helper-globals@7.29.7 from lock file\nnpm error Missing: debug@4.4.3 from lock file\nnpm error Missing: @babel/helper-string-parser@7.29.7 from lock file\nnpm error Missing: @jest/schemas@30.4.1 from lock file\nnpm error Missing: @types/istanbul-reports@3.0.4 from lock file\nnpm error Missing: @types/yargs@17.0.35 from lock file\nnpm error Missing: @sinclair/typebox@0.34.49 from lock file\nnpm error Missing: @jridgewell/sourcemap-codec@1.5.5 from lock file\nnpm error Missing: @jridgewell/resolve-uri@3.1.2 from lock file\nnpm error Missing: @types/istanbul-lib-report@3.0.3 from lock file\nnpm error Missing: @types/yargs-parser@21.0.3 from lock file\nnpm error Missing: type-fest@0.21.3 from lock file\nnpm error Missing: @babel/helper-plugin-utils@7.29.7 from lock file\nnpm error Missing: @istanbuljs/load-nyc-config@1.1.0 from lock file\nnpm error Missing: @istanbuljs/schema@0.1.6 from lock file\nnpm error Missing: test-exclude@6.0.0 from lock file\nnpm error Missing: camelcase@5.3.1 from lock file\nnpm error Missing: find-up@4.1.0 from lock file\nnpm error Missing: get-package-type@0.1.0 from lock file\nnpm error Missing: js-yaml@3.14.2 from lock file\nnpm error Missing: resolve-from@5.0.0 from lock file\nnpm error Missing: baseline-browser-mapping@2.10.35 from lock file\nnpm error Missing: caniuse-lite@1.0.30001799 from lock file\nnpm error Missing: electron-to-chromium@1.5.371 from lock file\nnpm error Missing: node-releases@2.0.47 from lock file\nnpm error Missing: update-browserslist-db@1.2.3 from lock file\nnpm error Missing: supports-color@7.2.0 from lock file\nnpm error Missing: locate-path@5.0.0 from lock file\nnpm error Missing: path-exists@4.0.0 from lock file\nnpm error Missing: foreground-child@3.3.1 from lock file\nnpm error Missing: jackspeak@3.4.3 from lock file\nnpm error Missing: minimatch@9.0.9 from lock file\nnpm error Missing: minipass@7.1.3 from lock file\nnpm error Missing: package-json-from-dist@1.0.1 from lock file\nnpm error Missing: path-scurry@1.11.1 from lock file\nnpm error Missing: cross-spawn@7.0.6 from lock file\nnpm error Missing: signal-exit@4.1.0 from lock file\nnpm error Missing: path-key@3.1.1 from lock file\nnpm error Missing: shebang-command@2.0.0 from lock file\nnpm error Missing: which@2.0.2 from lock file\nnpm error Missing: pkg-dir@4.2.0 from lock file\nnpm error Missing: resolve-cwd@3.0.0 from lock file\nnpm error Missing: make-dir@4.0.0 from lock file\nnpm error Missing: debug@4.4.3 from lock file\nnpm error Missing: html-escaper@2.0.2 from lock file\nnpm error Missing: @isaacs/cliui@8.0.2 from lock file\nnpm error Missing: @pkgjs/parseargs@0.11.0 from lock file\nnpm error Missing: string-width@5.1.2 from lock file\nnpm error Missing: string-width-cjs@4.2.3 from lock file\nnpm error Missing: strip-ansi@7.2.0 from lock file\nnpm error Missing: strip-ansi-cjs@6.0.1 from lock file\nnpm error Missing: wrap-ansi@8.1.0 from lock file\nnpm error Missing: wrap-ansi-cjs@7.0.0 from lock file\nnpm error Missing: execa@5.1.1 from lock file\nnpm error Missing: get-stream@6.0.1 from lock file\nnpm error Missing: human-signals@2.1.0 from lock file\nnpm error Missing: merge-stream@2.0.0 from lock file\nnpm error Missing: npm-run-path@4.0.1 from lock file\nnpm error Missing: onetime@5.1.2 from lock file\nnpm error Missing: signal-exit@3.0.7 from lock file\nnpm error Missing: strip-final-newline@2.0.0 from lock file\nnpm error Missing: @jest/get-type@30.1.0 from lock file\nnpm error Missing: @jest/test-sequencer@30.4.1 from lock file\nnpm error Missing: babel-jest@30.4.1 from lock file\nnpm error Missing: deepmerge@4.3.1 from lock file\nnpm error Missing: jest-circus@30.4.2 from lock file\nnpm error Missing: jest-docblock@30.4.0 from lock file\nnpm error Missing: jest-environment-node@30.4.1 from lock file\nnpm error Missing: parse-json@5.2.0 from lock file\nnpm error Missing: strip-json-comments@3.1.1 from lock file\nnpm error Missing: @types/babel__core@7.20.5 from lock file\nnpm error Missing: babel-preset-jest@30.4.0 from lock file\nnpm error Missing: @types/babel__generator@7.27.0 from lock file\nnpm error Missing: @types/babel__template@7.4.4 from lock file\nnpm error Missing: @types/babel__traverse@7.28.0 from lock file\nnpm error Missing: babel-plugin-jest-hoist@30.4.0 from lock file\nnpm error Missing: babel-preset-current-node-syntax@1.2.0 from lock file\nnpm error Missing: @babel/plugin-syntax-async-generators@7.8.4 from lock file\nnpm error Missing: @babel/plugin-syntax-bigint@7.8.3 from lock file\nnpm error Missing: @babel/plugin-syntax-class-properties@7.12.13 from lock file\nnpm error Missing: @babel/plugin-syntax-class-static-block@7.14.5 from lock file\nnpm error Missing: @babel/plugin-syntax-import-attributes@7.29.7 from lock file\nnpm error Missing: @babel/plugin-syntax-import-meta@7.10.4 from lock file\nnpm error Missing: @babel/plugin-syntax-json-strings@7.8.3 from lock file\nnpm error Missing: @babel/plugin-syntax-logical-assignment-operators@7.10.4 from lock file\nnpm error Missing: @babel/plugin-syntax-nullish-coalescing-operator@7.8.3 from lock file\nnpm error Missing: @babel/plugin-syntax-numeric-separator@7.10.4 from lock file\nnpm error Missing: @babel/plugin-syntax-object-rest-spread@7.8.3 from lock file\nnpm error Missing: @babel/plugin-syntax-optional-catch-binding@7.8.3 from lock file\nnpm error Missing: @babel/plugin-syntax-optional-chaining@7.8.3 from lock file\nnpm error Missing: @babel/plugin-syntax-private-property-in-object@7.14.5 from lock file\nnpm error Missing: @babel/plugin-syntax-top-level-await@7.14.5 from lock file\nnpm error Missing: @jest/environment@30.4.1 from lock file\nnpm error Missing: @jest/expect@30.4.1 from lock file\nnpm error Missing: co@4.6.0 from lock file\nnpm error Missing: dedent@1.7.2 from lock file\nnpm error Missing: is-generator-fn@2.1.0 from lock file\nnpm error Missing: jest-each@30.4.1 from lock file\nnpm error Missing: jest-matcher-utils@30.4.1 from lock file\nnpm error Missing: pure-rand@7.0.1 from lock file\nnpm error Missing: stack-utils@2.0.6 from lock file\nnpm error Missing: @jest/fake-timers@30.4.1 from lock file\nnpm error Missing: jest-mock@30.4.1 from lock file\nnpm error Missing: expect@30.4.1 from lock file\nnpm error Missing: @sinonjs/fake-timers@15.4.0 from lock file\nnpm error Missing: @sinonjs/commons@3.0.1 from lock file\nnpm error Missing: type-detect@4.0.8 from lock file\nnpm error Missing: @jest/expect-utils@30.4.1 from lock file\nnpm error Missing: detect-newline@3.1.0 from lock file\nnpm error Missing: anymatch@3.1.3 from lock file\nnpm error Missing: fb-watchman@2.0.2 from lock file\nnpm error Missing: fsevents@2.3.3 from lock file\nnpm error Missing: picomatch@4.0.4 from lock file\nnpm error Missing: walker@1.0.8 from lock file\nnpm error Missing: normalize-path@3.0.0 from lock file\nnpm error Missing: picomatch@2.3.2 from lock file\nnpm error Missing: bser@2.1.1 from lock file\nnpm error Missing: node-int64@0.4.0 from lock file\nnpm error Missing: jest-diff@30.4.1 from lock file\nnpm error Missing: @jest/diff-sequences@30.4.0 from lock file\nnpm error Missing: @types/stack-utils@2.0.3 from lock file\nnpm error Missing: jest-pnp-resolver@1.2.3 from lock file\nnpm error Missing: unrs-resolver@1.12.2 from lock file\nnpm error Missing: emittery@0.13.1 from lock file\nnpm error Missing: jest-leak-detector@30.4.1 from lock file\nnpm error Missing: source-map-support@0.5.13 from lock file\nnpm error Missing: @jest/globals@30.4.1 from lock file\nnpm error Missing: @jest/source-map@30.0.1 from lock file\nnpm error Missing: cjs-module-lexer@2.2.0 from lock file\nnpm error Missing: strip-bom@4.0.0 from lock file\nnpm error Missing: callsites@3.1.0 from lock file\nnpm error Missing: @babel/plugin-syntax-jsx@7.29.7 from lock file\nnpm error Missing: @babel/plugin-syntax-typescript@7.29.7 from lock file\nnpm error Missing: @jest/snapshot-utils@30.4.1 from lock file\nnpm error Missing: synckit@0.11.13 from lock file\nnpm error Missing: natural-compare@1.4.0 from lock file\nnpm error Missing: camelcase@6.3.0 from lock file\nnpm error Missing: leven@3.1.0 from lock file\nnpm error Missing: @ungap/structured-clone@1.3.1 from lock file\nnpm error Missing: supports-color@8.1.1 from lock file\nnpm error Missing: argparse@1.0.10 from lock file\nnpm error Missing: esprima@4.0.1 from lock file\nnpm error Missing: sprintf-js@1.0.3 from lock file\nnpm error Missing: p-locate@4.1.0 from lock file\nnpm error Missing: brace-expansion@2.1.1 from lock file\nnpm error Missing: balanced-match@1.0.2 from lock file\nnpm error Missing: mimic-fn@2.1.0 from lock file\nnpm error Missing: p-limit@2.3.0 from lock file\nnpm error Missing: error-ex@1.3.4 from lock file\nnpm error Missing: json-parse-even-better-errors@2.3.1 from lock file\nnpm error Missing: lines-and-columns@1.2.4 from lock file\nnpm error Missing: is-arrayish@0.2.1 from lock file\nnpm error Missing: lru-cache@10.4.3 from lock file\nnpm error Missing: ansi-styles@5.2.0 from lock file\nnpm error Missing: react-is-18@18.3.1 from lock file\nnpm error Missing: react-is-19@19.2.7 from lock file\nnpm error Missing: shebang-regex@3.0.0 from lock file\nnpm error Missing: buffer-from@1.1.2 from lock file\nnpm error Missing: source-map@0.6.1 from lock file\nnpm error Missing: escape-string-regexp@2.0.0 from lock file\nnpm error Missing: char-regex@1.0.2 from lock file\nnpm error Missing: has-flag@4.0.0 from lock file\nnpm error Missing: @pkgr/core@0.3.6 from lock file\nnpm error Missing: glob@7.2.3 from lock file\nnpm error Missing: minimatch@3.1.5 from lock file\nnpm error Missing: @unrs/resolver-binding-android-arm-eabi@1.12.2 from lock file\nnpm error Missing: @unrs/resolver-binding-android-arm64@1.12.2 from lock file\nnpm error Missing: @unrs/resolver-binding-darwin-arm64@1.12.2 from lock file\nnpm error Missing: @unrs/resolver-binding-darwin-x64@1.12.2 from lock file\nnpm error Missing: @unrs/resolver-binding-freebsd-x64@1.12.2 from lock file\nnpm error Missing: @unrs/resolver-binding-linux-arm-gnueabihf@1.12.2 from lock file\nnpm error Missing: @unrs/resolver-binding-linux-arm-musleabihf@1.12.2 from lock file\nnpm error Missing: @unrs/resolver-binding-linux-arm64-gnu@1.12.2 from lock file\nnpm error Missing: @unrs/resolver-binding-linux-arm64-musl@1.12.2 from lock file\nnpm error Missing: @unrs/resolver-binding-linux-loong64-gnu@1.12.2 from lock file\nnpm error Missing: @unrs/resolver-binding-linux-loong64-musl@1.12.2 from lock file\nnpm error Missing: @unrs/resolver-binding-linux-ppc64-gnu@1.12.2 from lock file\nnpm error Missing: @unrs/resolver-binding-linux-riscv64-gnu@1.12.2 from lock file\nnpm error Missing: @unrs/resolver-binding-linux-riscv64-musl@1.12.2 from lock file\nnpm error Missing: @unrs/resolver-binding-linux-s390x-gnu@1.12.2 from lock file\nnpm error Missing: @unrs/resolver-binding-linux-x64-gnu@1.12.2 from lock file\nnpm error Missing: @unrs/resolver-binding-linux-x64-musl@1.12.2 from lock file\nnpm error Missing: @unrs/resolver-binding-openharmony-arm64@1.12.2 from lock file\nnpm error Missing: @unrs/resolver-binding-wasm32-wasi@1.12.2 from lock file\nnpm error Missing: @unrs/resolver-binding-win32-arm64-msvc@1.12.2 from lock file\nnpm error Missing: @unrs/resolver-binding-win32-ia32-msvc@1.12.2 from lock file\nnpm error Missing: @unrs/resolver-binding-win32-x64-msvc@1.12.2 from lock file\nnpm error Missing: napi-postinstall@0.3.4 from lock file\nnpm error Missing: @emnapi/core@1.10.0 from lock file\nnpm error Missing: @emnapi/runtime@1.10.0 from lock file\nnpm error Missing: @napi-rs/wasm-runtime@1.1.5 from lock file\nnpm error Missing: @emnapi/wasi-threads@1.2.1 from lock file\nnpm error Missing: @tybys/wasm-util@0.10.2 from lock file\nnpm error Missing: makeerror@1.0.12 from lock file\nnpm error Missing: tmpl@1.0.5 from lock file\nnpm error Missing: isexe@2.0.0 from lock file\nnpm error Missing: imurmurhash@0.1.4 from lock file\nnpm error Missing: ms@2.1.3 from lock file\nnpm error Missing: yallist@3.1.1 from lock file\nnpm error Missing: ms@2.1.3 from lock file\nnpm error Missing: eastasianwidth@0.2.0 from lock file\nnpm error Missing: emoji-regex@9.2.2 from lock file\nnpm error Missing: ansi-regex@6.2.2 from lock file\nnpm error Missing: ansi-styles@6.2.3 from lock file\nnpm error Missing: ms@2.1.3 from lock file\nnpm error Missing: p-try@2.2.0 from lock file\nnpm error Missing: fs.realpath@1.0.0 from lock file\nnpm error Missing: inflight@1.0.6 from lock file\nnpm error Missing: path-is-absolute@1.0.1 from lock file\nnpm error Missing: brace-expansion@1.1.15 from lock file\nnpm error Missing: concat-map@0.0.1 from lock file\nnpm error\nnpm error Clean install a project\nnpm error\nnpm error Usage:\nnpm error npm ci\nnpm error\nnpm error Options:\nnpm error [--install-strategy <hoisted|nested|shallow|linked>] [--legacy-bundling]\nnpm error [--global-style] [--omit <dev|optional|peer> [--omit <dev|optional|peer> ...]]\nnpm error [--include <prod|dev|optional|peer> [--include <prod|dev|optional|peer> ...]]\nnpm error [--strict-peer-deps] [--foreground-scripts] [--ignore-scripts] [--no-audit]\nnpm error [--no-bin-links] [--no-fund] [--dry-run]\nnpm error [-w|--workspace <workspace-name> [-w|--workspace <workspace-name> ...]]\nnpm error [-ws|--workspaces] [--include-workspace-root] [--install-links]\nnpm error\nnpm error aliases: clean-install, ic, install-clean, isntall-clean\nnpm error\nnpm error Run \"npm help ci\" for more info\nnpm error A complete log of this run can be found in: /www-data-home/.npm/_logs/2026-06-11T15_07_25_190Z-debug-0.log. For more details see the logs at https://console.cloud.google.com/cloud-build/builds;region=us-central1/4dd1c77d-a9f6-4279-8f7f-516ee47934b2?project=485923941686."
    },
    "status": 3,
    "code": 3
  }
}
[debug] [2026-06-11T15:08:10.686Z] Error: Failed to update function submit in region us-central1
    at /Users/diego/.nvm/versions/node/v22.22.3/lib/node_modules/firebase-tools/lib/deploy/functions/release/fabricator.js:454:19
    at process.processTicksAndRejections (node:internal/process/task_queues:103:5)
    at async Fabricator.updateV2Function (/Users/diego/.nvm/versions/node/v22.22.3/lib/node_modules/firebase-tools/lib/deploy/functions/release/fabricator.js:438:32)
    at async Fabricator.updateEndpoint (/Users/diego/.nvm/versions/node/v22.22.3/lib/node_modules/firebase-tools/lib/deploy/functions/release/fabricator.js:174:13)
    at async Fabricator.wrapOperation (/Users/diego/.nvm/versions/node/v22.22.3/lib/node_modules/firebase-tools/lib/deploy/functions/release/fabricator.js:138:13)
    at async Promise.all (index 0)
    at async Promise.allSettled (index 0)
    at async Fabricator.applyPlan (/Users/diego/.nvm/versions/node/v22.22.3/lib/node_modules/firebase-tools/lib/deploy/functions/release/fabricator.js:77:45)
    at async release (/Users/diego/.nvm/versions/node/v22.22.3/lib/node_modules/firebase-tools/lib/deploy/functions/release/index.js:87:21)
    at async chain (/Users/diego/.nvm/versions/node/v22.22.3/lib/node_modules/firebase-tools/lib/deploy/index.js:45:9)
[error] 
[error] Error: There was an error deploying functions
